"date","Weighted Average","IQR"
2018-10-03,NA,NA
2018-10-04,NA,NA
2018-10-05,NA,NA
2018-10-08,NA,NA
2018-10-09,0.0374,0
2018-10-10,0.0473133999850381,0.0036254889335371
2018-10-11,0.0579157324840764,0.0161924734607219
2018-10-12,0.037,0
2018-10-15,0.0401,0
2018-10-16,0.07795,0.009975
2018-10-17,0.0441417475728155,0.00028446601941747
2018-10-18,0.0442,0
2018-10-19,0.0417598779023219,0.00441347931286205
2018-10-22,0.0392,0
2018-10-23,0.056115625,0.0135734375
2018-10-24,0.0520010381403746,0.00208513879485443
2018-10-25,0.05451875,0.010140625
2018-10-26,0.0521,0
2018-10-29,0.054883293231234,0.00246355246057115
2018-10-30,0.0526,0
2018-10-31,0.0523,0
2018-11-01,0.051,0
2018-11-02,0.0564276212832551,0.0132656494522692
2018-11-05,0.0526,0
2018-11-06,0.0519386946386946,0.00217152097902098
2018-11-07,0.0518002794336811,0.0012420827123696
2018-11-08,NA,NA
2018-11-09,0.0604973271517936,0.00917722286847898
2018-11-12,0.066416017130621,0.0133413276231263
2018-11-13,0.0538969132316958,0.00558298042537173
2018-11-14,0.0645,0
2018-11-15,0.0508,0
2018-11-16,0.0519,0
2018-11-19,0.0565438450704225,0.00185816901408451
2018-11-20,0.0577609789008832,0.014432915235525
2018-11-21,0.351156862745098,0.0164283559577677
2018-11-23,NA,NA
2018-11-26,0.064572419516175,0.0129755975166109
2018-11-27,0.0600032258064516,0.00421370967741935
2018-11-28,0.0758,0
2018-11-29,0.0555,0
2018-11-30,0.0478009885204082,0.00499749681122449
2018-12-03,0.0419,0
2018-12-04,0.0423,0
2018-12-06,0.0541153939557474,0.00806750876956287
2018-12-07,0.0444,0
2018-12-10,0.0834,0
2018-12-11,0.0616095441595442,0.0141128917378917
2018-12-12,0.0626083333333333,0.00210833333333333
2018-12-13,0.0493489510489511,0.0100877622377622
2018-12-14,0.0508390806904857,0.0095595142513047
2018-12-17,0.234,0
2018-12-18,0.0502,0
2018-12-19,0.0414129032258065,0.00043870967741935
2018-12-20,0.071747383252818,0.00769675925925926
2018-12-21,0.0717561330285866,0.00533053181622445
2018-12-24,0.0544476830398517,0.0123416859746679
2018-12-26,0.0454396466150486,0.00098461385745483
2018-12-27,0.0451,0
2018-12-28,0.0495428571428571,0.00977142857142857
2018-12-31,0.0599612725844462,0.0067710264467138
2019-01-02,NA,NA
2019-01-03,0.0964,0
2019-01-04,0.0580565857247976,0.00450202354672553
2019-01-07,0.0508,0.00856521739130435
2019-01-08,0.0520185185185185,0.00887407407407407
2019-01-09,NA,NA
2019-01-10,NA,NA
2019-01-11,0.0449,0
2019-01-14,0.0429,0
2019-01-15,0.0443285140562249,0.00495622489959839
2019-01-16,0.0427,0
2019-01-17,0.0469,0
2019-01-18,0.0449410802586535,0.00922261316089768
2019-01-22,0.0688363636363636,0.0169090909090909
2019-01-23,0.0671730555555556,0.01482375
2019-01-24,0.0429,0
2019-01-25,0.071025,0.00705
2019-01-28,NA,NA
2019-01-29,NA,NA
2019-01-30,0.141,0
2019-01-31,0.0449377659574468,0.00273484042553191
2019-02-01,0.0438487804878049,0.00159451219512195
2019-02-04,NA,NA
2019-02-05,0.122969230769231,0.0174461538461538
2019-02-06,NA,NA
2019-02-07,0.0388551282051282,0.00062179487179487
2019-02-08,NA,NA
2019-02-11,0.082823754789272,0.0183352490421456
2019-02-12,NA,NA
2019-02-13,0.0403,0
2019-02-14,0.0379214285714286,0.00164285714285714
2019-02-15,0.0363,0
2019-02-19,0.0419,0
2019-02-20,NA,NA
2019-02-21,NA,NA
2019-02-22,0.0593,0
2019-02-25,NA,NA
2019-02-26,0.0865818181818182,0.0110181818181818
2019-02-27,0.194648148148148,0.0130648148148148
2019-02-28,0.0435,0
2019-03-01,0.0643131221719457,0.0091737556561086
2019-03-04,0.0495603827207275,0.0106352500947329
2019-03-05,0.0964816964285714,0.0032296875
2019-03-06,0.0361,0
2019-03-07,0.0851382051282051,0.0140511538461538
2019-03-08,0.141935085945399,0.022545652173913
2019-03-11,0.191,0
2019-03-12,0.060921875,0.01490625
2019-03-13,0.140855,0.0070525
2019-03-14,0.120583720930233,0.0201686046511628
2019-03-15,NA,NA
2019-03-18,NA,NA
2019-03-19,0.236842105263158,0.0111315789473684
2019-03-20,0.0406613821138211,0.00491869918699187
2019-03-21,0.0518185620915033,0.00602571895424837
2019-03-22,0.0436017577030812,0.00786832633053221
2019-03-25,0.378527710843373,0.0174686746987952
2019-03-26,0.0518944841269841,0.0117221428571429
2019-03-27,0.0459842803030303,0.00532395833333333
2019-03-28,0.0481635761589404,0.0116685430463576
2019-03-29,0.0450493460764588,0.0121002012072435
2019-04-01,0.0912818918918919,0.0176802526055467
2019-04-02,0.0461468528368794,0.00723313386524823
2019-04-03,0.0348,0
2019-04-04,0.0407886486486487,0.00605432432432432
2019-04-05,0.0338,0
2019-04-08,0.0441,0
2019-04-09,0.036,0
2019-04-10,0.037943488238669,0.0066588066551922
2019-04-11,0.035,0
2019-04-12,0.0326,0
2019-04-15,0.0394,0.00320625
2019-04-16,0.0435538461538462,0.00519230769230769
2019-04-17,0.0417,0
2019-04-18,0.0961607843137255,0.00666862745098039
2019-04-22,0.117724253200569,0.0250634779516358
2019-04-23,0.0764556179775281,0.0125250936329588
2019-04-24,0.0406965670620438,0.00727585538321168
2019-04-25,NA,NA
2019-04-26,0.0343,0
2019-04-29,0.0645068376068376,0.0200833333333333
2019-04-30,0.04102,0.0053
2019-05-01,0.0483544618660472,0.0117274849980643
2019-05-02,0.0756461538461538,0.0125538461538462
2019-05-03,NA,NA
2019-05-06,0.0521187245590231,0.0105437810945274
2019-05-07,0.0918881524440762,0.0112340513670257
2019-05-08,0.0667998122251788,0.0131796684217479
2019-05-09,0.0588534486113138,0.0128114025487621
2019-05-10,0.0332,0
2019-05-13,0.0485161214682723,0.00854448529411765
2019-05-14,0.0364285714285714,0.00429
2019-05-15,0.0493250917584251,0.0142924257590924
2019-05-16,0.0481178294573643,0.00749573643410853
2019-05-17,0.165820833333333,0.0360458333333333
2019-05-20,0.0682282608695652,0.00729021739130435
2019-05-21,0.040149485915493,0.00650048943661972
2019-05-22,0.0850181818181818,0.0106909090909091
2019-05-23,0.0679007954545455,0.0154685173160173
2019-05-24,0.0537649412511908,0.0125719784058431
2019-05-28,0.0363,0
2019-05-29,0.0373987337662338,0.0051437012987013
2019-05-30,0.0477626086956522,0.00885140096618358
2019-05-31,0.0432948445431472,0.00871491909898477
2019-06-03,0.04755,0.0097
2019-06-04,0.186137804511278,0.0160523609022556
2019-06-05,0.0450328692493947,0.009311099677159
2019-06-06,0.0454316138465724,0.00601379811615887
2019-06-07,0.0417269052569053,0.00651208494208494
2019-06-10,0.0589337662337662,0.012811038961039
2019-06-11,0.0443518831168831,0.0123374025974026
2019-06-12,0.0567424794359577,0.00906306306306306
2019-06-13,0.0442888888888889,0.00861111111111111
2019-06-14,0.0781,0
2019-06-17,0.0486945378151261,0.0144160714285714
2019-06-18,0.0915534722222222,0.0128913194444444
2019-06-19,0.122,0
2019-06-20,0.0481052830940989,0.0128194477671451
2019-06-21,0.0486857657657658,0.00824382882882883
2019-06-24,0.110092256846081,0.00656743700611302
2019-06-25,0.104950055555556,0.00799586111111111
2019-06-26,0.10595561774461,0.0161414655887231
2019-06-27,0.0951133333333333,0.0140316666666667
2019-06-28,0.10662,0.00606
2019-07-01,0.0821,0
2019-07-02,0.0358846604215457,0.00877974238875878
2019-07-03,0.03725,0.0041125
2019-07-05,0.0444853185595568,0.00637257617728532
2019-07-08,0.0421657450076805,0.00871152073732719
2019-07-09,0.0352487455197133,0.00731948924731183
2019-07-10,NA,NA
2019-07-11,0.128580135004822,0.00659479267116683
2019-07-12,0.0849090439276486,0.0120731696813092
2019-07-15,0.191,0
2019-07-16,0.0513923076923077,0.0120461538461538
2019-07-17,0.0444458333333333,0.00720729166666667
2019-07-18,0.170371794871795,0.0416666666666667
2019-07-19,0.052380888030888,0.0121085585585586
2019-07-22,0.0934240994854203,0.0186139579759863
2019-07-23,0.0358,0
2019-07-24,0.0419571428571429,0.0012
2019-07-25,0.046868668432003,0.00313078305277095
2019-07-26,0.062725,0.00994423076923077
2019-07-29,0.0542392702641166,0.0152506545992714
2019-07-30,0.0465565062388592,0.00674559194890077
2019-07-31,0.22756,0.0140175
2019-08-01,0.0671381611964268,0.0171630432600622
2019-08-02,0.0721705486542443,0.0149726966873706
2019-08-05,0.107334979440458,0.016332248246392
2019-08-06,0.04272,0.00264
2019-08-07,0.0500199833702882,0.0102413359201774
2019-08-08,0.142589473684211,0.00803201754385965
2019-08-09,0.0886423232323232,0.0114078787878788
2019-08-12,0.0801517857142857,0.0214946428571429
2019-08-13,0.0969587462082912,0.0188981077567529
2019-08-14,0.0600109690684785,0.0114236545682103
2019-08-15,0.0734217966903073,0.0172045626477541
2019-08-16,0.0437625,0.010833630952381
2019-08-19,0.0450542316657701,0.0119138380849919
2019-08-20,0.0368975,0.0060875
2019-08-21,0.152875555555556,0.0107822222222222
2019-08-22,0.0443096153846154,0.00101923076923077
2019-08-23,0.0735841854079498,0.00885093161610879
2019-08-26,0.0996871527777778,0.0156378472222222
2019-08-27,0.0812,0
2019-08-28,0.0725854838709677,0.0125695611402851
2019-08-29,0.0305,0
2019-08-30,0.127000759493671,0.0075742194092827
2019-09-03,0.035963125,0.0068228125
2019-09-04,0.040728481392557,0.00916288265306122
2019-09-05,0.0559360712387028,0.0121572036150984
2019-09-06,0.0780612974730309,0.0118136397221812
2019-09-09,0.0621191058122206,0.0118342921013413
2019-09-10,0.0505441184929537,0.0118101092896175
2019-09-11,0.0530815391084945,0.00661019180450425
2019-09-12,0.0453843319781946,0.00733301418275894
2019-09-13,0.0497082417170288,0.00928739954352578
2019-09-16,0.0428873303571429,0.00309336160714286
2019-09-17,0.047547570303712,0.0155738638920135
2019-09-18,0.0963248858012943,0.0209632185001903
2019-09-19,0.0828086734693878,0.0234519557823129
2019-09-20,0.101752688172043,0.018147673188789
2019-09-23,0.0462505728494806,0.0128939825344558
2019-09-24,0.0639648918469218,0.0124581443208687
2019-09-25,0.0371,0
2019-09-26,0.0443795454545455,0.0109077797202797
2019-09-27,NA,NA
2019-09-30,0.0440158536585366,0.00879146341463415
2019-10-01,0.0458600127145582,0.00597949407885983
2019-10-02,NA,NA
2019-10-03,0.0384100840336134,0.00298132586367881
2019-10-04,NA,NA
2019-10-07,0.037,0
2019-10-08,0.0754121327254306,0.00582927431610942
2019-10-09,0.0501038006756757,0.00508505067567568
2019-10-10,0.088266845109889,0.0251869994353945
2019-10-11,0.0469013257575758,0.0111695075757576
2019-10-14,NA,NA
2019-10-15,0.0978037694013304,0.0154764966740577
2019-10-16,0.0611451790633609,0.0148909090909091
2019-10-17,0.0437836647321853,0.0075638854533346
2019-10-18,0.0396811147186147,0.00504734848484849
2019-10-21,0.0897712059620596,0.0211525406504065
2019-10-22,0.0452274886877828,0.0101835972850679
2019-10-23,0.0550175634234737,0.00926767029086516
2019-10-24,NA,NA
2019-10-25,0.04242,0.0069
2019-10-28,NA,NA
2019-10-29,0.0435585434173669,0.00487394957983193
2019-10-30,0.0985205867259665,0.0163753720492645
2019-10-31,0.0540319444444444,0.0122069444444444
2019-11-01,0.0477547885572139,0.00842605721393035
2019-11-04,0.0338,0
2019-11-05,0.05224,0.0127125
2019-11-06,0.0736960087451698,0.00972854636973765
2019-11-07,0.0410715712033631,0.00663426169206516
2019-11-08,0.0516912199854475,0.0144508408117067
2019-11-11,0.0377,0
2019-11-12,0.0517695018450184,0.0135081780442804
2019-11-13,0.107709375,0.0117703125
2019-11-14,0.217096428571429,0.0115839285714286
2019-11-15,0.0535587041373927,0.0154486729117877
2019-11-18,0.0389366666666667,0.00938611111111111
2019-11-19,0.0537873757821126,0.0110882959146117
2019-11-20,0.0795336021505376,0.025432123655914
2019-11-21,0.0339,0
2019-11-22,NA,NA
2019-11-25,NA,NA
2019-11-26,0.0921458333333333,0.01546875
2019-11-27,0.0686975,0.00732025
2019-11-29,NA,NA
2019-12-02,0.0983277048155097,0.0148066648798356
2019-12-03,0.0388822716946842,0.00693670604270786
2019-12-04,NA,NA
2019-12-05,0.0334045454545455,0.00157272727272727
2019-12-06,0.0436522727272727,0.000375
2019-12-09,0.060350293255132,0.0185115347018573
2019-12-10,0.0341,0
2019-12-11,0.0327,0
2019-12-12,0.0367493295019157,0.00581436781609195
2019-12-13,0.0577642857142857,0.0107214285714286
2019-12-16,0.104,0
2019-12-17,NA,NA
2019-12-18,0.0663758802816901,0.00193617957746479
2019-12-19,0.0877375517241379,0.0119549827586207
2019-12-20,0.0357296170212766,0.0083156170212766
2019-12-23,0.050816935483871,0.00304844470046083
2019-12-24,0.035976222826087,0.0087398097826087
2019-12-26,0.0814154135338346,0.0132135651629073
2019-12-27,0.0550658653846154,0.00792788461538461
2019-12-30,0.0368,0
2019-12-31,NA,NA
2020-01-02,0.0373,0
2020-01-03,0.08204125,0.010105
2020-01-06,0.0497872061128527,0.00226827978056426
2020-01-07,0.0374593509055047,0.00533268782499552
2020-01-08,0.035105595959596,0.00355534343434343
2020-01-09,0.0371333333333333,0.00854583333333333
2020-01-10,0.0490954405594406,0.00531292657342657
2020-01-13,0.0595304347826087,0.00046545893719806
2020-01-14,0.0343162241887906,0.0055726401179941
2020-01-15,0.0473891975308642,0.013920524691358
2020-01-16,0.0510892737697086,0.00502666029622551
2020-01-17,0.0337051282051282,0.00781705128205128
2020-01-21,0.0672487732511697,0.00512336671231313
2020-01-22,0.0412,0
2020-01-23,0.0312,0
2020-01-24,0.0375837734783223,0.00571937108694629
2020-01-27,0.0596940421940928,0.0128291983122363
2020-01-28,0.0392578440656566,0.00866193970959596
2020-01-29,0.0473648895658797,0.00750460776846915
2020-01-30,0.0795982492997199,0.0132364495798319
2020-01-31,0.0750218795260039,0.0184757488479263
2020-02-03,0.0500638818094935,0.00926014853456515
2020-02-04,0.0322,0
2020-02-05,0.0325622448979592,0.00378966836734694
2020-02-06,0.0707688473520249,0.00768971962616823
2020-02-07,0.0331,0
2020-02-10,0.036037012987013,0.00393571428571429
2020-02-11,0.0688555555555556,0.00094722222222222
2020-02-12,0.0401633689839572,0.00805788770053476
2020-02-13,0.0757284600389864,0.0146440545808967
2020-02-14,0.0368216226634097,0.0048091239627185
2020-02-18,0.0427820114423366,0.00755563986750979
2020-02-19,0.0413486091631604,0.00909809490416082
2020-02-20,0.0401003624419526,0.00950570279759882
2020-02-21,0.0387407664233577,0.00227667595082597
2020-02-24,0.049285414761295,0.0121452864916773
2020-02-25,0.0603216666666667,0.0116577018002323
2020-02-26,0.0589879338977532,0.00188011966786063
2020-02-27,0.0592173991571343,0.0115623841059603
2020-02-28,0.0769691885999683,0.0106919276201046
2020-03-02,0.0593359307000946,0.0119902974219489
2020-03-03,0.0628712666137534,0.0120406926785852
2020-03-04,0.0585995007680492,0.017029594146657
2020-03-05,0.0693425784825804,0.0120027933336923
2020-03-06,0.111052081564739,0.0109753429658053
2020-03-09,0.171027647825313,0.0206073621134877
2020-03-10,0.125941059411199,0.0254760509738273
2020-03-11,0.161240256382449,0.0408521900332145
2020-03-12,0.567023184196083,0.154786474116563
2020-03-13,0.249024576911275,0.0419793609370838
2020-03-16,0.440029192064723,0.0976229251172928
2020-03-17,0.404684681080899,0.100583974716019
2020-03-18,0.430331902558756,0.0628247745938287
2020-03-19,0.6485300909632,0.129934537527032
2020-03-20,0.559912117465383,0.130778419127076
2020-03-23,0.426698486152245,0.109094035159689
2020-03-24,0.529335648928878,0.108667275031824
2020-03-25,0.381505289809669,0.0696443503336446
2020-03-26,0.326330608583299,0.0667047465134573
2020-03-27,0.280904102284179,0.0358969659052738
2020-03-30,0.303287782575394,0.075313288864736
2020-03-31,0.309393105126006,0.0700939565053657
2020-04-01,0.397609782197824,0.0516674239585089
2020-04-02,0.515609681586802,0.00517414609430194
2020-04-03,0.521945248244523,0.0127905813975047
2020-04-06,0.391117591841269,0.0267087418253301
2020-04-07,0.354053489527873,0.0226104460120631
2020-04-08,0.298680530858869,0.0309040656020716
2020-04-09,0.332217946696086,0.0379674481322794
2020-04-13,0.273703177045647,0.0379339028873074
2020-04-14,0.322303457922649,0.0163797401573482
2020-04-15,0.270754864195327,0.0251967811949026
2020-04-16,0.176803513266704,0.0364442050124296
2020-04-17,0.202405622565178,0.0451880993407252
2020-04-20,0.206554643075641,0.0509216836380424
2020-04-21,0.334516308583105,0.00253628271662514
2020-04-22,0.253254962914485,0.0263818376417976
2020-04-23,0.330966091616416,0.0753053610257974
2020-04-24,0.302684804167503,0.0523036165345353
2020-04-27,0.381184576747177,0.0587286385003314
2020-04-28,0.323282090261036,0.0673203823521788
2020-04-29,0.292169579366969,0.0829237364189504
2020-04-30,0.247998167324859,0.0477828576916353
2020-05-01,0.220759472003406,0.0302528003690299
2020-05-04,0.202501485426754,0.027864496673232
2020-05-05,0.195234323219863,0.0473462363933433
2020-05-06,0.228856381468577,0.0438306894437992
2020-05-07,0.219277546928848,0.0316280929843837
2020-05-08,0.156857291666667,0.0259619791666667
2020-05-11,0.222382942634087,0.0312721789910684
2020-05-12,0.17799778649651,0.0416605937068462
2020-05-13,0.208243603744882,0.0176935048929554
2020-05-14,0.136773464912281,0.0260298300438597
2020-05-15,0.124657405844398,0.029622933955253
2020-05-18,0.170907052536698,0.0162496053309297
2020-05-19,0.100422199145088,0.0150067854496944
2020-05-20,0.108530510966306,0.0223470867200981
2020-05-21,0.0857092347433,0.0153647885050048
2020-05-22,0.0969870896896423,0.0211958857649433
2020-05-26,0.090549596141442,0.017408539273921
2020-05-27,0.0893605194805195,0.0195462770562771
2020-05-28,0.0902847372136823,0.0155128888187278
2020-05-29,0.0735365943046945,0.0112549329762061
2020-06-01,0.0939046806872628,0.0215780767419323
2020-06-02,0.0900358595806923,0.0202280221030392
2020-06-03,0.0887370301439593,0.01804018929452
2020-06-04,0.0830681108878118,0.0211877873271072
2020-06-05,0.130235561974427,0.0334044806241723
2020-06-08,0.123427358671198,0.0305238328307246
2020-06-09,0.104771367902958,0.0155755314425935
2020-06-10,0.112724110393081,0.0257235008346992
2020-06-11,0.120908208018615,0.0187603379871166
2020-06-12,0.106805357160942,0.0181430316992527
2020-06-15,0.122212803005479,0.0283584037583729
2020-06-16,0.133292401350379,0.0236532126847086
2020-06-17,0.0978923971429401,0.0147288166719898
2020-06-18,0.0841447436955679,0.00515736296177754
2020-06-19,0.117168268589461,0.0251000368916973
2020-06-22,0.1359702866035,0.0162348389886868
2020-06-23,0.0948028430840233,0.0225751713723361
2020-06-24,0.0772951233140819,0.00676905162044344
2020-06-25,0.0788236661524481,0.00588793434110995
2020-06-26,0.101214854163796,0.0165125752147352
2020-06-29,0.0882259123954926,0.0222643556888404
2020-06-30,0.0929946195834442,0.0153881431346926
2020-07-01,0.0771271414778385,0.019039859849742
2020-07-02,0.0697319951083159,0.0113126572327044
2020-07-06,0.0797612473166874,0.0197042575226905
2020-07-07,0.0670315786858775,0.00220203825611725
2020-07-08,0.0863781638519583,0.0144555928853755
2020-07-09,0.074237431521369,0.00983390986745623
2020-07-10,0.102704864783972,0.0137920578360602
2020-07-13,0.0778151055353056,0.0174702276002373
2020-07-14,0.0610528825865266,0.00595743898709085
2020-07-15,0.0585840007003354,0.00392114990994909
2020-07-16,0.07975856897463,0.0165054938924125
2020-07-17,0.0593200673085268,0.0136694364410457
2020-07-20,0.0573014712981952,0.0116299142841393
2020-07-21,0.0708609932755371,0.00740850857525894
2020-07-22,0.071591510103393,0.00744956165789407
2020-07-23,0.0822789312554317,0.00258627117141375
2020-07-24,0.0767199685536809,0.0095536214525312
2020-07-27,0.0827771386806562,0.00665054024392947
2020-07-28,0.0992188296908907,0.0201519405907506
2020-07-29,0.100635921845372,0.0016615196356923
2020-07-30,0.103588162571171,0.00811283625055881
2020-07-31,0.0999758279248309,0.00891043418547019
2020-08-03,0.0726968887116436,0.0130166574426756
2020-08-04,0.095804347068626,0.00908053729232945
2020-08-05,0.100979529933235,0.00666575863051196
2020-08-06,0.0695518155555029,0.0127591800539873
2020-08-07,0.0829582875978951,0.0123390129356627
2020-08-10,0.0777729190656536,0.0131870122630089
2020-08-11,0.0724043520556247,0.0149522835135394
2020-08-12,0.0908828895119832,0.0129499820236609
2020-08-13,0.0767244257616686,0.0105658187959043
2020-08-14,0.0835042658551054,0.0206191628194878
2020-08-17,0.111175416337972,0.00459372711136831
2020-08-18,0.0973197111965065,0.0161638815781978
2020-08-19,0.0689713982722669,0.010581799225499
2020-08-20,0.0879029163988222,0.0101261932774265
2020-08-21,0.0611570089427034,0.0125411663105413
2020-08-24,0.0660439488426412,0.0108080783157294
2020-08-25,0.0746474023278245,0.00576453355259233
2020-08-26,0.0663575454415141,0.00670387237010427
2020-08-27,0.0815015071400653,0.0164605291775706
2020-08-28,0.084118262758783,0.0121469385823901
2020-08-31,0.10109758852336,0.00268279915072332
2020-09-01,0.0894462687040727,0.0120641072176462
2020-09-02,0.101864633730108,0.00967015942090817
2020-09-03,0.102629964465146,0.0131057242549981
2020-09-04,0.0872128708551483,0.0156712041884817
2020-09-08,0.114092181184068,0.0253698113846988
2020-09-09,0.0854713099727635,0.0109598915776241
2020-09-10,0.102739388150892,0.0237896389565319
2020-09-11,0.102948180335028,0.00980009104916655
2020-09-14,0.0925248345293792,0.0135117619083886
2020-09-15,0.104306428762363,0.00584586340550655
2020-09-16,0.0909618005189966,0.0191623161887018
2020-09-17,0.0716694535126665,0.0178794818136553
2020-09-18,0.0675078987108305,0.0157504627773585
2020-09-21,0.0731821727331721,0.0188920371659489
2020-09-22,0.0832965851939519,0.0158612837273546
2020-09-23,0.0770545118674429,0.013833079564114
2020-09-24,0.0809486083813464,0.0126905113912504
2020-09-25,0.0849873207538053,0.0121746540951921
2020-09-28,0.0910504109519378,0.00252831380519978
2020-09-29,0.0767193872214045,0.0154032518134987
2020-09-30,0.0842317898946931,0.00625899709609387
2020-10-01,0.0665790588814979,0.0147014042867701
2020-10-02,0.0814304422007796,0.00780955897075425
2020-10-05,0.0669984720357267,0.00677261752991053
2020-10-06,0.0585295820134024,0.00715674741090466
2020-10-07,0.0659330254158697,0.0131696155134463
2020-10-08,0.0902136029267313,0.0210223042843027
2020-10-09,0.0613963942307692,0.00984237325174825
2020-10-12,0.0679474096742837,0.0151853091997957
2020-10-13,0.0674718796767803,0.00487518875669541
2020-10-14,0.0616625858671481,0.0047885046272852
2020-10-15,0.0745637638056214,0.0123367610854038
2020-10-16,0.0580396981260719,0.00491130119962636
2020-10-19,0.0517646915927334,0.00944409303518619
2020-10-20,0.0650465596191414,0.00085959008687
2020-10-21,0.0539616485178463,0.00907130917271627
2020-10-22,0.0523227790025621,0.00868456833800076
2020-10-23,0.0560579719990814,0.00599220017831252
2020-10-26,0.0570553833413402,0.0103469604692176
2020-10-27,0.0554927940643102,0.00953081846302111
2020-10-28,0.0774690986405918,0.0149548800275991
2020-10-29,0.0703129673259213,0.0109309870449701
2020-10-30,0.0930194928944433,0.0009867023863952
2020-11-02,0.0763223656858439,0.0114723448532144
2020-11-03,0.0625178083736836,0.0119743909392056
2020-11-04,0.0538051838070249,0.0123953574648988
2020-11-05,0.0467270294784581,0.00986467120181406
2020-11-06,0.0677190568241165,0.0142029284294667
2020-11-09,0.0612292425948519,0.0120751336207403
2020-11-10,0.0545561292254458,0.0137561209076391
2020-11-11,0.0492510605348599,0.00928910308441558
2020-11-12,0.0475588654111162,0.00770400780891135
2020-11-13,0.0671144443071982,0.0087258233486706
2020-11-16,0.0546943203266788,0.0125654150408348
2020-11-17,0.0676805025162818,0.0057199011526791
2020-11-18,0.0623359582555399,0.00686047086414879
2020-11-19,0.0656393212754775,0.00669757031472258
2020-11-20,0.0512484581251398,0.00765036691774182
2020-11-23,0.0609270291617481,0.00728570628079972
2020-11-24,0.055665766329289,0.00996999965424027
2020-11-25,0.0547201071295112,0.00985325743737618
2020-11-27,0.047362273496771,0.00878500532948774
2020-11-30,0.0541398163548164,0.0123502616077616
2020-12-01,0.0607551968187311,0.00742571541240628
2020-12-02,0.0458689441178659,0.00766310117320237
2020-12-03,0.0431885802126847,0.00281116224908506
2020-12-04,0.0662387120132349,0.00591212649529142
2020-12-07,0.066456941540844,0.00912678474641889
2020-12-08,0.0439557484415687,0.00409891896157185
2020-12-09,0.0488769696969697,0.00573981818181818
2020-12-10,0.0598530490281086,0.0145626883691322
2020-12-11,0.0584198884154268,0.0123657789253214
2020-12-14,0.0406744209428763,0.0017097188087022
2020-12-15,0.0654929503187995,0.00737540284665422
2020-12-16,0.0763286885839298,0.00030326986697558
2020-12-17,0.0597637917076553,0.007920656114435
2020-12-18,0.0717770922965162,0.0114989126758976
2020-12-21,0.0450353062381853,0.00539612129804663
2020-12-22,0.0519798369905956,0.013159197492163
2020-12-23,0.0482708299947919,0.00959678172949802
2020-12-24,0.0506145903045903,0.0126319977119977
2020-12-28,0.0421591124714589,0.00726613996929376
2020-12-29,0.0695,0
2020-12-30,0.0562888073394495,0.00698483180428135
2020-12-31,0.04303094666438,0.00564635139770194
2021-01-04,0.096585127919911,0.0221575373430796
2021-01-05,0.0447842563913471,0.0019113679941003
2021-01-06,0.0666505586720197,0.0125594376157216
2021-01-07,0.0435944993109784,0.00258176389526872
2021-01-08,0.0433253797909408,0.00500159407665505
2021-01-11,0.0434788302051506,0.00714722828459188
2021-01-12,0.0431492470749675,0.00579533980933121
2021-01-13,0.0341001086956522,0.00064779891304347
2021-01-14,0.047163349425408,0.0086346946004093
2021-01-15,0.0423492063492064,0.0099515873015873
2021-01-19,0.0443666457187125,0.00763158141244546
2021-01-20,0.0307865641271928,0.00091475279308427
2021-01-21,0.0440138321820649,0.00980104462193166
2021-01-22,0.0344631385496238,0.00706238149698618
2021-01-25,0.0397471153846154,0.00653845416470033
2021-01-26,0.0527202020035045,0.0070344649882633
2021-01-27,0.0445234516034026,0.00478752533739887
2021-01-28,0.0364759914743139,0.0012443741371376
2021-01-29,0.051146964633355,0.0124001076817002
2021-02-01,0.0385467004324388,0.00305517963983176
2021-02-02,0.0442584478930726,0.00643730573434101
2021-02-03,0.0419352087643907,0.00530247891134808
2021-02-04,0.0477676140979516,0.00469492519197663
2021-02-05,0.0516322001047669,0.00487505631220534
2021-02-08,0.0477149633340219,0.00590944711467524
2021-02-09,0.0453618866109096,0.00725391687020452
2021-02-10,0.0444989846517119,0.00775543609799292
2021-02-11,0.0526876477541371,0.0111096906565657
2021-02-12,0.0560822701028024,0.00498599228981834
2021-02-16,0.0524832989332227,0.00647664514089089
2021-02-17,0.0489698516573111,0.004020826118222
2021-02-18,0.0558767548839212,0.013632060300278
2021-02-19,0.0728617456971038,0.00659441725133061
2021-02-22,0.072087240412571,0.0134052064585352
2021-02-23,0.0596910759543798,0.00943650007920165
2021-02-24,0.0689514491175579,0.0161546793336237
2021-02-25,0.0766613705894777,0.0119297962894419
2021-02-26,0.0627086644797223,0.00571289255954274
2021-03-01,0.0780456017146109,0.0235823844030877
2021-03-02,0.0643381827041308,0.0135258405440696
2021-03-03,0.0901530796597061,0.00893012761020882
2021-03-04,0.0779243639396577,0.0221327509428489
2021-03-05,0.0673356637863315,0.00574317311468971
2021-03-08,0.0745119455544735,0.0105144275048412
2021-03-09,0.0779799517048479,0.019664308527627
2021-03-10,0.0712353088732523,0.0135908771589144
2021-03-11,0.0738576524446689,0.00811719860304637
2021-03-12,0.0685884445426425,0.00420804268459483
2021-03-15,0.0869056353642215,0.00491252079225772
2021-03-16,0.0864356485957365,0.0102203211860105
2021-03-17,0.0631253002333082,0.00895806255402805
2021-03-18,0.087052157918957,0.0144218245263363
2021-03-19,0.0785161052489177,0.0125439329680736
2021-03-22,0.0573786795190713,0.00489253299474848
2021-03-23,0.0697162989312439,0.0168586790366774
2021-03-24,0.054157403200826,0.0089886770779556
2021-03-25,0.0592394831730769,0.00755353398771367
2021-03-26,0.0635561244901456,0.00389051462233951
2021-03-29,0.0549914058795638,0.00814549253200569
2021-03-30,0.0578567825320513,0.0134514195112179
2021-03-31,0.0488830378876072,0.00303772026140332
2021-04-01,0.0545208476912474,0.0121501849615695
2021-04-05,0.0621187940664774,0.0179364773143485
2021-04-06,0.0526439512310606,0.00980400136972403
2021-04-07,0.0540797731397459,0.00759985480943739
2021-04-08,0.0526171553994732,0.0129958823529412
2021-04-09,0.0739776116838488,0.00090377577319587
2021-04-12,0.0557496195434521,0.0168500078665828
2021-04-13,0.048572234353651,0.00515123057458102
2021-04-14,0.0515959980164443,0.00562682531113031
2021-04-15,0.0420078545118682,0.0054006096013721
2021-04-16,0.0503162637144796,0.0104521875500355
2021-04-19,0.053011089687476,0.0102416756315749
2021-04-20,0.0495348114581648,0.0084348660786535
2021-04-21,0.0425463100225588,0.00569951861102159
2021-04-22,0.0367528821826497,0.00450301871989491
2021-04-23,0.0468461863529608,0.00940857157457589
2021-04-26,0.0536774677273082,0.014792525507376
2021-04-27,0.0439641071859841,0.00513076531683453
2021-04-28,0.0471588104532226,0.00488346785851431
2021-04-29,0.0538033030315276,0.013473963582001
2021-04-30,0.0643450501398028,0.00736175499821305
2021-05-03,0.0580514829970319,0.00853894961481048
2021-05-04,0.0646514873771224,0.0101060254691689
2021-05-05,0.0547098853404357,0.00791545972254462
2021-05-06,0.0504829410792223,0.00693333280981352
2021-05-07,0.0511405942237154,0.00485455565090726
2021-05-10,0.0486242969474329,0.00406858344266597
2021-05-11,0.0513524728487886,0.00499034820848417
2021-05-12,0.0564812074903297,0.00649252786944768
2021-05-13,0.0561921214257881,0.00713061993208766
2021-05-14,0.049740762356098,0.00668145814398857
2021-05-17,0.0467359657982574,0.00393458591616455
2021-05-18,0.055578847331512,0.00824692986579526
2021-05-19,0.066736880666245,0.015913121529974
2021-05-20,0.0483701613968269,0.00365240331522115
2021-05-21,0.0449487864894722,0.00476688315190336
2021-05-24,0.0521200139085708,0.00596347491208734
2021-05-25,0.0470635295807735,0.00747846214624336
2021-05-26,0.0464257723203227,0.00875531374727381
2021-05-27,0.0485728923187365,0.00933727548456568
2021-05-28,0.0434900883946393,0.00717147116481323
2021-06-01,0.0468222388963601,0.00703443601584093
2021-06-02,0.0407867733973022,0.00540378424419413
2021-06-03,0.0539615036609772,0.00709121592207651
2021-06-04,0.0529529685650401,0.0119023292121531
2021-06-07,0.04619902468109,0.00843898971611585
2021-06-08,0.0476968938403083,0.00806029313103437
2021-06-09,0.0416683299125783,0.00558679537670103
2021-06-10,0.0431667054084006,0.00816881884265315
2021-06-11,0.0433237942448066,0.00642992737173253
2021-06-14,0.050270548788164,0.00887296929046297
2021-06-15,0.0463079243182099,0.00768519061842733
2021-06-16,0.0542255236496712,0.0106713837000736
2021-06-17,0.0530726506639428,0.00993327990478622
2021-06-18,0.0458360162091355,0.00925164898647691
2021-06-21,0.0573280760125755,0.00625597015781813
2021-06-22,0.0412445781110946,0.00626272373739247
2021-06-23,0.0391057895510381,0.00457305542018627
2021-06-24,0.0396437550507966,0.00478713011934311
2021-06-25,0.041979259909317,0.00455281327702209
2021-06-28,0.0412350379752835,0.00635286113052992
2021-06-29,0.0380486583245976,0.00481187597032948
2021-06-30,0.0409536371087524,0.00566231701021591
2021-07-01,0.0462035444113897,0.00540976908910611
2021-07-02,0.0458134401399278,0.00858497032116408
2021-07-06,0.0397846607120083,0.00626835376699912
2021-07-07,0.0478249502490058,0.00789161854616725
2021-07-08,0.0421281066460587,0.00543889006702959
2021-07-09,0.055775538883894,0.00690120669279094
2021-07-12,0.0479965089329629,0.00375369925558129
2021-07-13,0.0455589665341913,0.00733327655816301
2021-07-14,0.0427610615696231,0.00536052087680085
2021-07-15,0.0456660659197323,0.00249861330026424
2021-07-16,0.0425624566180003,0.00821188316931257
2021-07-19,0.0482305885857976,0.00367530757786414
2021-07-20,0.0542130947026776,0.00494259476063522
2021-07-21,0.0469947504981875,0.00334411152598396
2021-07-22,0.0383909401796652,0.00190051635175767
2021-07-23,0.0417573384705517,0.00512060890384753
2021-07-26,0.0424342876171988,0.00189094161744662
2021-07-27,0.0475862674133019,0.00538439832007073
2021-07-28,0.0481095954876473,0.00200403065682351
2021-07-29,0.0413035903422976,0.00195501764827545
2021-07-30,0.0487823076131775,0.00319762190247802
2021-08-02,0.0394849662690785,0.00491653118072609
2021-08-03,0.0426533515505216,0.00774319585142653
2021-08-04,0.0447814799977679,0.00326593838070981
2021-08-05,0.0417579820288881,0.00546067104747509
2021-08-06,0.0427004025018221,0.00464007481911861
2021-08-09,0.0479881038842264,0.00716654274178906
2021-08-10,0.0521120284202977,0.00260265252375829
2021-08-11,0.0398738023243301,0.00371707929163272
2021-08-12,0.0507230291976432,0.00473514359749514
2021-08-13,0.0387170415920577,0.00223514858645438
2021-08-16,0.0457941291000741,0.00277678012046394
2021-08-17,0.0361126008083585,0.00452046709186408
2021-08-18,0.0370077517126318,0.00229041013107005
2021-08-19,0.041412288981289,0.00030010135135135
2021-08-20,0.042626553873131,0.00042592592592592
2021-08-23,0.042113901010101,0.00142200151515152
2021-08-24,0.0325436388140162,0
2021-08-25,0.04587174291939,0.00234185185185185
2021-08-26,0.0379924657534247,0.0016958904109589
2021-08-27,0.0335,0
2021-08-30,0.0514389479638009,0.00187240808823529
2021-08-31,0.0457066138982656,0.00398939005936445
2021-09-01,0.0363221598188347,0.00273734188635667
2021-09-02,0.0414831061561088,0.00375048587036453
2021-09-03,0.0347545454545455,0.00036136363636363
2021-09-07,0.0379111119727047,0.00418580955334988
2021-09-08,0.0309,0
2021-09-09,0.0374168751709051,0.00282613773975546
2021-09-10,0.0298,0
2021-09-13,0.0337458941125831,0.00041634344062365
2021-09-14,0.0359911361453148,0
2021-09-15,0.0355378378378378,0
2021-09-16,0.0428285316455696,0.00128829023508137
2021-09-17,0.0348735846269389,0.00223359660610876
2021-09-20,0.0452639274518585,3.26298701298701e-05
2021-09-21,0.039580614973262,0.00032279411764705
2021-09-22,0.0402136363636364,0.00011306818181818
2021-09-23,0.0424159809083145,0.00517878725635399
2021-09-24,0.0418441176470588,0
2021-09-27,0.122073202469846,0.00064532685098909
2021-09-28,0.116423707964695,0.00324294877202603
2021-09-29,0.0660010204081633,0.00045102040816326
2021-09-30,0.0470905679513185,0.0061425673717763
2021-10-01,0.0493775002533185,0.00112338129496403
2021-10-04,0.0650769127133176,0.00751114150404181
2021-10-05,0.0671242827868852,0.00762939841920375
2021-10-06,0.0466585858585859,8.51010101010101e-05
2021-10-07,0.0535022317188984,0.00827932098765432
2021-10-08,0.0494,0
2021-10-11,NA,NA
2021-10-12,0.0387022222222222,0.00156666666666667
2021-10-13,0.0455752531268612,0.0063722602739726
2021-10-14,0.0455608235294118,0.00687388235294118
2021-10-15,0.0414211538461539,0.0005451923076923
2021-10-18,0.100464102564103,0.00327692307692308
2021-10-19,0.0433561702647759,0.00092102990912157
2021-10-20,0.0537515725653657,0.00535149677908299
2021-10-21,0.043952876984127,0.00011339285714285
2021-10-22,NA,NA
2021-10-25,0.0456487801087801,0.00265948717948718
2021-10-26,NA,NA
2021-10-27,0.0473536706349206,0.00317916666666667
2021-10-28,0.042969588080631,0
2021-10-29,0.0426819681511806,9.96420047732697e-05
2021-11-01,0.0429654289408071,0.00128161418413519
2021-11-02,0.0485789127254998,0.00485714285714286
2021-11-03,0.0445639259726122,0.00410084226207529
2021-11-04,0.0426102622593094,0.00256114369708848
2021-11-05,0.0468363483796296,0.00599611111111111
2021-11-08,0.0478178260869565,0.00488695652173913
2021-11-09,0.0436894736842105,0.0049890350877193
2021-11-10,0.0556937389770723,0.00364783950617284
2021-11-11,0.0605940832146812,0.00624388150609081
2021-11-12,0.0550759124641958,0.00517416999392414
2021-11-15,0.0420472222222222,0.00071666666666666
2021-11-16,0.0424212662942272,0
2021-11-17,0.049075,0.00345625
2021-11-18,0.0380738896381732,0.00031153846153846
2021-11-19,0.0413203156614317,0.00055515463917525
2021-11-22,0.0447848484848485,0.00288888888888889
2021-11-23,0.0506271666666667,0.00742178571428572
2021-11-24,0.0561316455167808,0.00301484388044749
2021-11-26,0.0502570570570571,0.00580962837837838
2021-11-29,0.0553493548387097,0.00478679435483871
2021-11-30,0.0468870801910508,0.00028021493212669
2021-12-01,0.0503033611793612,0.00406954545454546
2021-12-02,0.0478061078958247,0.00042769222819346
2021-12-03,0.0593504044117647,0.006533125
2021-12-06,0.0494188311688312,0.00452439060939061
2021-12-07,0.0490875,0.00123102272727273
2021-12-08,NA,NA
2021-12-09,0.0454891339869281,0.00056944444444444
2021-12-10,0.0374327681577682,0.00109847883597884
2021-12-13,0.0474033333333333,0
2021-12-14,0.0424294117647059,0.0042125
2021-12-15,0.0444406481481481,0.00267226851851852
2021-12-16,0.0317637798036466,0.0006242461430575
2021-12-17,0.0420343915343915,0.00371428571428571
2021-12-20,NA,NA
2021-12-21,0.0280563717948718,0.00214073717948718
2021-12-22,0.0319891791044776,0.00149328358208955
2021-12-23,0.0275347222222222,0.00486288194444444
2021-12-27,0.03043921107628,0.00325823754789272
2021-12-28,0.0297205436893204,0.00165221359223301
2021-12-29,0.0344029411764706,0.00086323529411764
2021-12-30,0.0235589015787706,0.00043613537117903
2021-12-31,0.0291866477906478,0.00054105577005577
2022-01-03,0.0414518518518519,0.00556296296296296
2022-01-04,0.0386607905982906,0.00197916666666667
2022-01-05,0.0342285714285714,0.00062619047619047
2022-01-06,0.0338903909638643,0.00218837804029548
2022-01-07,0.0321957264957265,0.00096367521367521
2022-01-10,0.0394777015976107,0.00186035039584716
2022-01-11,0.0325677154466956,0.00036090354986173
2022-01-12,0.03424792749658,0.00015209302325581
2022-01-13,0.0343877358490566,0.0008254716981132
2022-01-14,0.0296930857487923,0.00066006944444444
2022-01-18,0.0401331293706294,0.00357577797202797
2022-01-19,0.036996508189263,0.00086902866242038
2022-01-20,0.0378478082191781,0.00036643835616438
2022-01-21,0.0398066666666667,0.00034666666666666
2022-01-24,0.05075,0.00283308270676692
2022-01-25,0.0430164611590629,0
2022-01-26,0.0565386176836862,9.37457304040138e-05
2022-01-27,0.0651593714642517,0.00109296383149533
2022-01-28,0.0787521188735683,0.00550380956809512
2022-01-31,0.068428597335286,0.00261373134328358
2022-02-01,0.0725547236839293,0.00582743873003092
2022-02-02,0.072658746166267,0.00041204819277108
2022-02-03,0.0630791666666667,0.00312291666666667
2022-02-04,0.0795156261715468,4.59641255605381e-05
2022-02-07,0.0747082926829268,0.00211707317073171
2022-02-08,0.0594864091038503,0.00031028818418615
2022-02-09,0.0743053101379215,0.00275437219730942
2022-02-10,0.0820433374758354,0.00374035248443906
2022-02-11,0.083568444462604,0.00018445322793148
2022-02-14,0.0702065442877077,2.11992146412112e-05
2022-02-15,0.0786819959312839,0.00732112059222423
2022-02-16,0.0702881248723021,0.00023812021162307
2022-02-17,0.0660889409559513,0.00015440487347703
2022-02-18,0.086526307163789,0.00029269767741169
2022-02-22,0.0731039508651697,0.00155390070921986
2022-02-23,0.0660044943820225,0
2022-02-24,0.0658742993723956,8.93741012510139e-05
2022-02-25,0.0590862225097025,0.00037108667529107
2022-02-28,0.0744495276653171,0.0107043522267206
2022-03-01,0.0708155325781981,0.00761041996920257
2022-03-02,0.0905248852553069,0.00057613190858672
2022-03-03,0.080975,0
2022-03-04,0.0861798928511636,0.00554522015737485
2022-03-07,0.0771142472158001,0.00076545913220412
2022-03-08,0.0836413041555027,0.00069442413525324
2022-03-09,0.075576366464136,0.00042196495660229
2022-03-10,0.0800834548104956,7.68950437317784e-05
2022-03-11,0.0899597738192898,0.00254800480487519
2022-03-14,0.0975040983312916,0.00327259530163514
2022-03-15,0.0772081286012003,0.00101584778420039
2022-03-16,0.0852422507425633,0.0101674657534247
2022-03-17,0.0841125,0.00098541666666666
2022-03-18,0.0870136829096045,0.0119875088276836
2022-03-21,0.0834918300653595,0.0003328431372549
2022-03-22,0.0715814504881451,0.00155230125523013
2022-03-23,0.0722710343061956,0.00259481054787506
2022-03-24,0.118677245508982,0.0139880239520958
2022-03-25,0.0736241379310345,0.00298879310344828
2022-03-28,0.0829359990354745,0.0014874303224271
2022-03-29,0.0768328671328671,0.00170839160839161
2022-03-30,0.0775691176470588,0
2022-03-31,0.0652839189189189,0.00044939189189189
2022-04-01,0.111007692307692,0.0140884615384615
2022-04-04,0.101700572729451,0.0105397435897436
2022-04-05,0.0884661436684035,0.00234408602150538
2022-04-06,0.0891589285714286,0
2022-04-07,0.0982989663767409,0.00084112094960868
2022-04-08,0.0868727504608283,0.00038279109633247
2022-04-11,0.104240027880311,0.0147478265137831
2022-04-12,0.0769841121495327,0.00027102803738317
2022-04-13,0.0776936505634359,0.00239662153610951
2022-04-14,0.0803937983741897,0.00325000970074497
2022-04-18,0.0949349100409237,0.012577978965702
2022-04-19,0.0909821083851088,0.00796762262516
2022-04-20,0.084347277412455,0.00294193674341757
2022-04-21,0.0983406584142721,0.00550879885148572
2022-04-22,0.0984432278074645,0.00334423175774145
2022-04-25,0.108963809157528,0.00251869175209692
2022-04-26,0.0997798862524537,0.00987715598315581
2022-04-27,0.0933104521196119,0.00347750514806891
2022-04-28,0.0944648096506026,0.00225447037879537
2022-04-29,0.0948679823069469,0.00381648780738699
2022-05-02,0.0851016606264953,0.00721350161267527
2022-05-03,0.0808131515577731,0.00244042849748707
2022-05-04,0.0654217783600168,0.00381916394564988
2022-05-05,0.103868881667494,0.0111131170513679
2022-05-06,0.0852841791692714,0.00987545035424047
2022-05-09,0.0914298442438862,0.00262215729495924
2022-05-10,0.08175449546864,0.00108974307113132
2022-05-11,0.0937730695189012,0.00217463059361125
2022-05-12,0.0832315764148122,0.00271987793936816
2022-05-13,0.0889648580627207,0.00181406399784548
2022-05-16,0.078150294671062,0.00258725707605135
2022-05-17,0.0972961195728934,0.0123348624122179
2022-05-18,0.0886935204859183,0.0009455407260668
2022-05-19,0.0846502505501829,0.00960011496375747
2022-05-20,0.0893532935481346,0.0119356702757219
2022-05-23,0.0730597514494209,0.00405923865555351
2022-05-24,0.0711870687543098,0.00149246140936194
2022-05-25,0.0695840344989983,0.00188041809687987
2022-05-26,0.071081352416334,0.00122728199293081
2022-05-27,0.0840929715191436,0.00621870185842756
2022-05-31,0.0793600529405311,0.00841377978476337
2022-06-01,0.0809774466559082,0.0063166254258562
2022-06-02,0.0722537936141241,0.00063837647969622
2022-06-03,0.0698366676038259,0.00127185725871857
2022-06-06,0.0722818411051881,0.00045734860005367
2022-06-07,0.0676225064010824,0.00059316760154818
2022-06-08,0.0687173079704904,0.00069428902068566
2022-06-09,0.0695813764460852,0.00061936777212135
2022-06-10,0.0824745040598388,0.0008496895847889
2022-06-13,0.121702408767065,0.00552067333153795
2022-06-14,0.1592516249282,0.00443875450560973
2022-06-15,0.14523424177971,0.00128863957543698
2022-06-16,0.135479345536359,0.0109361398874984
2022-06-17,0.139721160960464,0.0147009281313017
2022-06-21,0.135959856267328,0.00387266981613892
2022-06-22,0.134938310710689,0.00344624210864296
2022-06-23,0.119639050437479,0.00302700311268861
2022-06-24,0.112656286560758,0.00243114554697003
2022-06-27,0.110917860853032,0.00508544908986371
2022-06-28,0.10615846646396,0.00326836344124486
2022-06-29,0.10264269916412,0.00147377412973754
2022-06-30,0.128778765077805,0.00197766977983809
2022-07-01,0.125770497893131,0.0108486469029958
2022-07-05,0.118060189750838,0.00800960889648247
2022-07-06,0.105055237184264,0.00157966065586386
2022-07-07,0.108388656634611,0.0049712865613633
2022-07-08,0.103919741691872,0.00833318021821609
2022-07-11,0.10653854885051,0.00779760549905462
2022-07-12,0.116531243542469,0.00150090331098218
2022-07-13,0.11888356151826,0.00422898406917397
2022-07-14,0.137536280003023,0.0170859134736605
2022-07-15,0.110523211947597,0.00641155932685653
2022-07-18,0.114958696242605,0.00708018261458767
2022-07-19,0.118663979773694,0.0118087857491131
2022-07-20,0.11543633370261,0.0130662781573117
2022-07-21,0.0833139610073901,0.0139145760404512
2022-07-22,0.111987577553961,0.0149134683896928
2022-07-25,0.124296576683087,0.0167633054187192
2022-07-26,0.121867042934319,0.0197165320822671
2022-07-27,0.102517333583561,0.0171604417738192
2022-07-28,0.0826766695005021,0.0161368059190016
2022-07-29,0.0877023683131254,0.00730615878484184
2022-08-01,0.104188650611709,0.00304791876008919
2022-08-02,0.0896964597315436,0.00621890892990306
2022-08-03,0.0971543499261759,0.014739376766505
2022-08-04,0.0934826880163237,0.00925701883745501
2022-08-05,0.112883227203308,0.0140513109401773
2022-08-08,0.0962833729296769,0.00802497454520771
2022-08-09,0.0845737346771644,0.00323391962376739
2022-08-10,0.0841260693513471,0.0191143377613297
2022-08-11,0.111163930795427,0.0122805336194388
2022-08-12,0.092271952039628,0.013765102329949
2022-08-15,0.0850942509435228,0.00571655521208685
2022-08-16,0.0819268216452339,0.00575470847863993
2022-08-17,0.0777438325554991,0.00984920070516671
2022-08-18,0.0716304081514884,0.0149610133714747
2022-08-19,0.0814051817504225,0.00339509207261944
2022-08-22,0.0935182206061648,0.00255195146781847
2022-08-23,0.0927308613008985,0.00962193977844365
2022-08-24,0.100508343648384,0.0102915608243427
2022-08-25,0.102262014320771,0.0166569119160983
2022-08-26,0.0795522784233311,0.00171951652806258
2022-08-29,0.108768582020355,0.0189800595120012
2022-08-30,0.0978687516765664,0.0114333221562241
2022-08-31,0.106108887913981,0.0199185686439123
2022-09-01,0.126272514487426,0.0163403776818138
2022-09-02,0.101730853752091,0.00666841259448842
2022-09-04,0.101208815797073,0.0161924931578347
2022-09-06,0.114148855769454,0.0169947132454293
2022-09-07,0.117580238818763,0.00259462657784011
2022-09-08,0.0945035098444802,0.0159196927909293
2022-09-09,0.0906000839377143,0.0125999222309367
2022-09-12,0.0612878787878788,0.00481060606060606
2022-09-13,0.072962962962963,0.00730218855218855
2022-09-14,0.0761382113821138,0.00855044345898004
2022-09-15,0.0866762121666468,0.00239909927828607
2022-09-16,0.0724509803921569,0.00748663101604278
2022-09-19,0.0747619047619048,0.00904545454545454
2022-09-20,0.0762719298245614,0.00813230994152047
2022-09-21,0.0730311890838207,0.00820175438596491
2022-09-22,0.076339497392129,0.00824087245139877
2022-09-23,0.0751469298245614,0.00786842105263158
2022-09-26,0.075719696969697,0.00801136363636364
2022-09-27,0.119919465893075,0.00903172213786874
2022-09-28,0.118855306208436,0.0074827393847981
2022-09-29,0.133522887470667,0.0133476261151175
2022-09-30,0.149120544040369,0.0146465286206252
2022-10-03,0.139351454313284,0.00643478937273783
2022-10-04,0.120549304016095,0.00726436580412835
2022-10-05,0.125465476427176,0.0189717439836144
2022-10-06,0.106702401100151,0.00310703054527357
2022-10-07,0.111850256633272,0.0107135472245346
2022-10-10,0.136687309671155,0.0129258032473792
2022-10-11,0.142696208951518,0.0112632244569978
2022-10-12,0.109960208282877,0.00957336136859024
2022-10-13,0.144020975327096,0.0193817595179639
2022-10-14,0.156307126462809,0.0179814301703037
2022-10-17,0.150757782853127,0.0124485603018439
2022-10-18,0.140952600173981,0.0126186184296029
2022-10-19,0.132006737771086,0.0188230705083966
2022-10-21,0.131655175128186,0.0135101791111484
2022-10-24,0.133472711175661,0.0115666617218565
2022-10-25,0.106204944088197,0.0167182484432855
2022-10-26,0.105582738569574,0.0164120756955098
2022-10-27,0.113263639880664,0.00739957407118885
2022-10-28,0.130349850070543,0.0132103788132667
2022-10-31,0.115393694512652,0.00639238486620317
2022-11-01,0.110656402508937,0.00576102448435139
2022-11-02,0.108613769492245,0.00583011120148782
2022-11-03,0.119149200894914,0.0066565192657767
2022-11-04,0.114895184469307,0.00528252492540572
2022-11-07,0.0895707708318381,0.0121679406398826
2022-11-08,0.0865549033012954,0.0145625892366831
2022-11-09,0.0875972867322591,0.00799608280352408
2022-11-10,0.0825343530678897,0.0081267180876937
2022-11-11,0.0763970847854818,0.00642526913657053
2022-11-14,0.0883667117748833,0.0094417859705684
2022-11-15,0.100555631855984,0.00549527498155913
2022-11-16,0.108202684158052,0.0167723314352977
2022-11-17,0.107721850292232,0.0140828121974642
2022-11-18,0.095966563494968,0.0120396743840997
2022-11-21,0.0957388032542184,0.0144232441864807
2022-11-22,0.0925739102564103,0.0114151078088578
2022-11-23,0.0938994623822877,0.0133604462184388
2022-11-25,0.0854465750915751,0.0124801396520147
2022-11-28,0.107132539327081,0.00527535003812296
2022-11-29,0.101680487996755,0.00867680660545583
2022-11-30,0.108803163119334,0.00555787781415377
2022-12-01,0.0974454556704852,0.00944151853763669
2022-12-02,0.104086000886127,0.00514936387554836
2022-12-05,0.0964431473698403,0.0125734731205578
2022-12-06,0.10064419313139,0.00699664254691921
2022-12-07,0.102657909450564,0.0101473915078489
2022-12-08,0.100655230645808,0.00737745544667927
2022-12-09,0.109951921049813,0.0103030718647831
2022-12-12,0.105264677582259,0.011599818456046
2022-12-13,0.11781504316877,0.00808247530293598
2022-12-14,0.118133930851497,0.00973287524110514
2022-12-15,0.109510098986162,0.00855206149815043
2022-12-16,0.102019932933838,0.0123309669774475
2022-12-19,0.121827352025328,0.0124626545428695
2022-12-20,0.104249918020774,0.00552612023009141
2022-12-21,0.123526284767547,0.00652122267965325
2022-12-22,0.163313366008089,0.013223445632255
2022-12-23,0.10650174276615,0.014679704306846
2022-12-27,0.130797996773498,0.0170634758147085
2022-12-28,0.125658206112647,0.0102252912822006
2022-12-29,0.103071561706381,0.0106343468468468
2022-12-30,0.0978892142181599,0.010340263011827
2023-01-03,0.0987034974005195,0.0106527467941209
2023-01-04,0.110081351309908,0.010517059402663
2023-01-05,0.104014535057415,0.0144938620735038
2023-01-06,0.11825495598131,0.0077470323465209
2023-01-09,0.118997731169393,0.00928193772286458
2023-01-10,0.09548069819144,0.00860618129245206
2023-01-11,0.111645137370585,0.00752077964459847
2023-01-12,0.119545287912031,0.0111227964069133
2023-01-13,0.106634772573409,0.0155279288518562
2023-01-17,0.118124861285459,0.00590129840772295
2023-01-18,0.0950985884794618,0.00990746690121285
2023-01-19,0.0853829418970016,0.0106987125206369
2023-01-20,0.0860846363287777,0.0140552557817665
2023-01-23,0.102561947695325,0.0202026765431365
2023-01-24,0.0834361434376802,0.00888498336479471
2023-01-25,0.0782011444395253,0.00977998090052253
2023-01-26,0.0676903522129372,0.00755623522129372
2023-01-27,0.063039673189292,0.00779934756760429
2023-01-30,0.0751054508124011,0.00710492307969515
2023-01-31,0.0684432567582478,0.0100400505351429
2023-02-01,0.0736263308384694,0.0052277086026207
2023-02-02,0.0790062182884203,0.00408773818919833
2023-02-06,0.0707555237326509,0.00664457683047788
2023-02-07,0.0780412206780998,0.00521734902565402
2023-02-08,0.0687009085676698,0.0106448939319191
2023-02-09,0.0795788690403421,0.00376009447253881
2023-02-10,0.0657231086797761,0.00953991677295811
2023-02-13,0.0675724340252039,0.00755924759080801
2023-02-14,0.0628992874124207,0.0100028362502979
2023-02-15,0.0761181123490542,0.0126022784359454
2023-02-16,0.074548613008987,0.00516920637437564
2023-02-17,0.0695700188199,0.00736725098016686
2023-02-21,0.068775386909598,0.0105211259389559
2023-02-22,0.075849681314995,0.00577649278765515
2023-02-23,0.0678255447005106,0.00737910978353114
2023-02-24,0.0675266728935893,0.0101520105276982
2023-02-27,0.0692194925729653,0.00814925071931781
2023-02-28,0.0790551495388978,0.0120729141578434
2023-03-01,0.0701999771292654,0.00764935847589425
2023-03-02,0.0631001481617652,0.0076242874859555
2023-03-03,0.0574109195164362,0.00728005061273495
2023-03-06,0.0647984841102962,0.0105229937717604
2023-03-07,0.0740532827232391,0.00683792897254576
2023-03-08,0.0829948084429118,0.00425918351396415
2023-03-09,0.0864857234923446,0.00702404990365587
2023-03-10,0.0848842949386171,0.0117075181522585
2023-03-13,0.0591167771931832,0.0072192527242415
2023-03-14,0.0967413759332911,0.011011997770493
2023-03-15,0.0984589944076222,0.00878705468102734
2023-03-16,0.0751654603079187,0.00992723413752265
2023-03-17,0.0956972348224366,0.0115565327542851
2023-03-20,0.0786662899827885,0.00502452276538114
2023-03-21,0.0688454312515978,0.0100545344854522
2023-03-22,0.0639836797845703,0.0073303977890112
2023-03-23,0.0497664180309216,0.0074469033665993
2023-03-24,0.063100670379538,0.00940508805525823
2023-03-27,0.0726848673202228,0.0105693397015689
2023-03-28,0.0612744797435221,0.00621603929111142
2023-03-29,0.0626142857142857,0.00561490800865801
2023-03-30,0.0633737952452345,0.00754508960581821
2023-03-31,0.0700041117837386,0.00555018552343179
2023-04-03,0.0605391949832728,0.00539703086773237
2023-04-04,0.0612118338523629,0.00447854457931306
2023-04-05,0.0524802977801826,0.00587140557692523
2023-04-06,0.0700094534404599,0.00597932583359602
2023-04-10,0.0646417112603376,0.00985046988165438
2023-04-11,0.0507013144944826,0.00496836377870564
2023-04-12,0.0574276410699394,0.00689942081452342
2023-04-13,0.0648400429247005,0.00601161149734115
2023-04-14,0.0613139254070537,0.00353240307903266
2023-04-17,0.0558049549419906,0.00703949787021758
2023-04-18,0.0722803464643083,0.00632079499388468
2023-04-19,0.0609467098525752,0.00809986016510294
2023-04-20,0.0696760938303281,0.00853644017559113
2023-04-21,0.0729096100407315,0.0118458977167519
2023-04-24,0.0739641313718167,0.00915894963698415
2023-04-25,0.0891845512084029,0.0111404823271394
2023-04-26,0.089764014007797,0.0110424653945625
2023-04-27,0.0789113971071663,0.00818926446416831
2023-04-28,0.0825319110644329,0.0118108070027983
2023-05-01,0.0931385340802988,0.0136485613347583
2023-05-02,0.0932083713806854,0.0132653098451136
2023-05-03,0.095388935329615,0.0138911854774249
2023-05-04,0.0937293580776327,0.00924685459607067
2023-05-05,0.106631900697318,0.0132620602921668
2023-05-08,0.106764239729958,0.0114566978038276
2023-05-09,0.108998881543803,0.0091967924117184
2023-05-10,0.0781645217391304,0.00891211953334183
2023-05-11,0.0600476546623419,0.0110083056813782
2023-05-12,0.0748796393479232,0.00997208968919275
2023-05-15,0.0759101499795052,0.00793045340360393
2023-05-16,0.0819557345935058,0.0123972332050823
2023-05-17,0.0755657435445799,0.00848173087396227
2023-05-18,0.0732381783186293,0.0148193548400883
2023-05-19,0.0729582598446135,0.0105195602104286
2023-05-22,0.0948737570997561,0.0165620312984668
2023-05-23,0.0916357961134512,0.0128257245588918
2023-05-24,0.0917918061709283,0.0128365588800512
2023-05-25,0.0898646322077515,0.0147275230248854
2023-05-26,0.0961578874966066,0.014006759755721
2023-05-29,0.0966408659765106,0.0144037287508577
2023-05-30,0.084441809341318,0.0146795484613757
2023-05-31,0.0839933496143358,0.0120462060110873
2023-06-01,0.0892839672170463,0.0134495482438076
2023-06-02,0.0871228426016752,0.0125409818631046
2023-06-05,0.0857927947899237,0.0131203496927584
2023-06-06,0.0790584183627723,0.0136518833497714
2023-06-07,0.0746807047752284,0.0118340151040692
2023-06-08,0.0717868048288669,0.00867847506668926
2023-06-09,0.0653855223138393,0.00550965757305918
2023-06-12,0.0764645763012969,0.00806917377272458
2023-06-13,0.0823107478291689,0.0110581029594187
2023-06-14,0.0774909397708006,0.0116335910217011
2023-06-15,0.0768711486994161,0.0150030490323477
2023-06-16,0.059969426111277,0.00622915235016565
2023-06-20,0.0650236023340743,0.00780955051868318
2023-06-21,0.0589037790257255,0.00939960722474169
2023-06-22,0.0525052670633975,0.00586295568893452
2023-06-23,0.0650200168380493,0.00954517323611644
2023-06-26,0.0631582677028926,0.0127855899966607
2023-06-27,0.0633528956211979,0.00785998919439614
2023-06-28,0.0638558974717062,0.00672643110145532
2023-06-29,0.0590154674393201,0.00704845614149589
2023-06-30,0.0551024762801913,0.00699711659207171
2023-07-03,0.0591991601512995,0.00820414091390616
2023-07-05,0.060541222022445,0.00680413125519561
2023-07-06,0.0611473182578116,0.0113356634094316
2023-07-07,0.0808049914997393,0.00737751452919962
2023-07-10,0.0651768154087032,0.0102861576773567
2023-07-11,0.066892177002584,0.0102171475708367
2023-07-12,0.0634957261508562,0.0094654492905938
2023-07-13,0.0609019659737029,0.00725254284381663
2023-07-14,0.0582648379034161,0.0058142353493333
2023-07-17,0.0627559783753845,0.00713793187523705
2023-07-18,0.0734831461556239,0.00783961496698369
2023-07-19,0.0747518377820435,0.0078792543450869
2023-07-20,0.0675004846335698,0.0083770820668693
2023-07-21,0.0590666457181163,0.0100620244679068
2023-07-24,0.0628137979486022,0.0078826495004556
2023-07-25,0.0621269725595143,0.00735970502476434
2023-07-26,0.0636876451298034,0.010962455048291
2023-07-27,0.0569778884523933,0.00722569600951101
2023-07-28,0.0563304799568116,0.00604654707021543
2023-07-31,0.0647574093111182,0.0074737379198571
2023-08-01,0.0714479896011826,0.0104499387109403
2023-08-02,0.0652802895563314,0.00717163627719805
2023-08-03,0.070850263788811,0.00958206172473925
2023-08-04,0.0694477093521205,0.00872894623079236
2023-08-07,0.0547096135236098,0.00721684205509484
2023-08-08,0.0578514530444444,0.0105090685452495
2023-08-09,0.0570248463299988,0.0103310150775901
2023-08-10,0.0648678853331743,0.00744716299695599
2023-08-11,0.0612415550048235,0.00968402304203675
2023-08-14,0.0626103709733227,0.00747892928531067
2023-08-15,0.052173347112694,0.0092521266853218
2023-08-16,0.0589056276221974,0.00502045678777352
2023-08-17,0.0668614238800409,0.00398322809883853
2023-08-18,0.0670178557524007,0.00574371595918069
2023-08-21,0.0542086189206738,0.00405862755804769
2023-08-22,0.06462232034715,0.00797261367207147
2023-08-23,0.0720281244756931,0.00476738319753786
2023-08-24,0.0638960602194174,0.0121147869880988
2023-08-25,0.0625175395605446,0.00547686384373569
2023-08-28,0.0584398956028067,0.00583346738043214
2023-08-29,0.0615681980914251,0.00583999836496845
2023-08-30,0.0577149385943095,0.00876274860160833
2023-08-31,0.0524550592852637,0.00851694744605073
2023-09-01,0.0673460697004692,0.011560592921777
2023-09-04,0.0669493283581009,0.00310837456434137
2023-09-05,0.0530038532645714,0.00420835329326377
2023-09-06,0.0511445025002427,0.00474408771482668
2023-09-07,0.0601565367055803,0.00616646722076901
2023-09-08,0.0584301748240006,0.0070008210578017
2023-09-11,0.0637046679665782,0.0103878267483943
2023-09-12,0.0594224025511536,0.00616232087490932
2023-09-13,0.0680709180968957,0.00953710862488541
2023-09-14,0.068925018121941,0.0118943217017214
2023-09-15,0.0516336602196012,0.00481640069648482
2023-09-18,0.0558624770856959,0.00732562175067656
2023-09-19,0.0551684328027881,0.00721757048901001
2023-09-20,0.0544779823441338,0.00872513396647719
2023-09-21,0.0607155187877807,0.00586442761127614
2023-09-22,0.0585619386921365,0.0089076361927391
2023-09-25,0.0622891609081705,0.00805025817913398
2023-09-26,0.0668421335966904,0.00695588376544479
2023-09-28,0.0649637489126854,0.0039612070076075
2023-09-29,0.0656294688150268,0.00440792956387918
2023-10-02,0.068826441336993,0.00724892828392567
2023-10-03,0.0701723748231473,0.00245335638622957
2023-10-04,0.0685354872605574,0.00206551165869666
2023-10-05,0.0710436786642828,0.0108343997704316
2023-10-06,0.0681080390804481,0.0097581843938541
2023-10-09,0.0716627154999833,0.0111140374028227
2023-10-10,0.0668349473647225,0.00888883653424382
2023-10-11,0.0727119645154374,0.00570931719911378
2023-10-12,0.07103609658321,0.00917881827268621
2023-10-13,0.0647539559597384,0.00639273735482279
2023-10-16,0.0706104357914276,0.0119266220890989
2023-10-17,0.0647814706795916,0.00980785762156864
2023-10-18,0.0894653234800161,0.00189909582083898
2023-10-19,0.0885651569008692,0.00427519689107735
2023-10-20,0.069936118113717,0.00803824687272249
2023-10-23,0.0766951737674122,0.00734770739552688
2023-10-24,0.0836946935048472,0.00507236362413475
2023-10-25,0.087405284578406,0.00633220346341734
2023-10-26,0.0724330853605957,0.00683279335929983
2023-10-27,0.073540327120088,0.00693938583702724
2023-10-30,0.0768825308212414,0.00997121185239795
2023-10-31,0.077983079123777,0.0110787683920953
2023-11-01,0.0691454373751249,0.00607327165022478
2023-11-02,0.073188697843265,0.00907004543308352
2023-11-03,0.0783794700669329,0.011191195742725
2023-11-06,0.0842020736846945,0.0119171976930111
2023-11-07,0.0684117596420563,0.00871148334183556
2023-11-08,0.0688453628908859,0.00883744601068591
2023-11-09,0.0755322190675015,0.0106970481454645
2023-11-10,0.0668176964985309,0.00479627571008815
2023-11-13,0.0684538066590869,0.00684369046366343
2023-11-14,0.0724588630512261,0.00892387129191269
2023-11-15,0.0622415947496567,0.00528821033600364
2023-11-16,0.0576835593599796,0.00478250500540213
2023-11-17,0.0598915679672605,0.00452131375378407
2023-11-20,0.0590839673434883,0.00554581488255901
2023-11-21,0.0541145958353209,0.0047625826053132
2023-11-22,0.0608418818562889,0.00563207828613619
2023-11-24,0.0583507341078456,0.00707631847049484
2023-11-27,0.0541399167714326,0.00235518510536514
2023-11-28,0.0469918737959945,0.00545887286408924
2023-11-29,0.052045034067086,0.00268863850399633
2023-11-30,0.0372181270795011,0.00339482907248517
2023-12-01,0.0507936419453489,0.004521366705306
2023-12-04,0.052875220693416,0.00172205536808038
2023-12-05,0.0508842062694897,0.00569258840114256
2023-12-06,0.0525130511958366,0.00094290439577234
2023-12-07,0.0285400939214506,0.00055041691756991
2023-12-08,0.0383951803560152,0.00163301024301426
2023-12-11,0.0490535660847702,0.00473302271446515
2023-12-12,0.0529394200693551,0.00347244760380011
2023-12-13,0.0414846900429829,0.00429011021041698
2023-12-14,0.0425397311741803,0.00368584916213808
2023-12-15,0.0511655718590243,0.00208548960177756
2023-12-18,0.0492645753123934,0.00219453672686658
2023-12-19,0.0554260695087343,0.00636848139495965
2023-12-20,0.0565695394630708,0.00615584869615796
2023-12-21,0.0558447006439908,0.00696569738424275
2023-12-22,0.0575967240746344,0.00546046672326439
2023-12-25,0.0576964772990291,0.0056003276169767
2023-12-26,0.0656402910761448,0.00856867843990626
2023-12-27,0.0526923473470278,0.00193285040725109
2023-12-28,0.0568883556983224,0.00701232707554019
2023-12-29,0.0561739100200134,0.00369271606479357
2024-01-01,0.0563805288916286,0.00453631859091425
2024-01-02,0.0546446225989806,0.00511865114824334
2024-01-03,0.0571380094068272,0.00720262265932361
2024-01-04,0.0543900846975071,0.00736407548981306
2024-01-05,0.052328093967232,0.00183827016089206
2024-01-08,0.0578625979502646,0.003343500860582
2024-01-09,0.057662990914538,0.00956914244488194
2024-01-10,0.0688170080985694,0.00732187175915534
2024-01-11,0.0632303895704287,0.00794008511244524
2024-01-12,0.0670697593943324,0.00456001479110951
2024-01-16,0.0689241745366759,0.00383192749953574
2024-01-17,0.0704489818267501,0.00253179764393843
2024-01-18,0.0632569489600541,0.00232520024728496
2024-01-19,0.0527556467661692,0.00189695333628703
2024-01-22,0.0597688075394945,0.00605789208697306
2024-01-23,0.0608778579362378,0.00569800479025031
2024-01-24,0.0589091943534049,0.00600919403208877
2024-01-25,0.0678266391532702,0.0035838718177243
2024-01-26,0.0544158682265284,0.00099195294723873
2024-01-29,0.0625084063554518,0.00451010418531237
2024-01-30,0.0660458935435433,0.00358903737318614
2024-01-31,0.0571207218008984,0.00120578584427269
2024-02-01,0.0555011377443674,0.00218112981585397
2024-02-02,0.063273908961409,0.00701857498714383
2024-02-05,0.0660248855916784,0.00559734931044169
2024-02-06,0.0472408635708474,0.00466831030505117
2024-02-07,0.0602583081683116,0.00581293118555399
2024-02-08,0.0513216008646155,0.00170776092640901
2024-02-09,0.0565567280525904,0.00442498748739794
2024-02-12,0.0532861390667351,0.0025811563990594
2024-02-13,0.0567125151351058,0.00754068859539829
2024-02-14,0.0607955270119862,0.00595299010136781
2024-02-15,0.0533025268973539,0.00624045276448301
2024-02-16,0.0521625131210453,0.00261900387992996
2024-02-19,0.0519580803891524,0.00202995545103631
2024-02-20,0.0504839747501082,0.00173628793677912
2024-02-21,0.053186610546183,0.00714154687781044
2024-02-22,0.056334296776172,0.0115659677233871
2024-02-23,0.0551128882688287,0.00967286555557227
2024-02-26,0.0548305894324956,0.00406105077601828
2024-02-27,0.0517176565324609,0.00488619220604417
2024-02-28,0.0498962992216454,0.0048173564412793
2024-02-29,0.0439885454819023,0.00401964084347527
2024-03-01,0.0412036866067841,0.00308199004233333
2024-03-04,0.0458297928324326,0.00297554422338068
2024-03-05,0.0497967849517031,0.00143534390164995
2024-03-06,0.0442066308064976,0.00292784433361832
2024-03-07,0.053898751969679,0.00619687338420482
2024-03-08,0.0541494107201343,0.00699748227639947
2024-03-11,0.0342862569798631,0.00145183389401855
2024-03-12,0.0335881887013679,0.00062016574801216
2024-03-13,0.0247716180709881,0.00153795948352031
2024-03-14,0.0361360869088128,0.00086450653041025
2024-03-15,0.0321803424334448,0.00126026111507455
2024-03-18,0.0410360669082243,0.00148801871968216
2024-03-19,0.0443773270626259,0.00082789268117912
2024-03-20,0.0434269171412236,0.00302375657331617
2024-03-21,0.0463690221018026,0.0046632428317691
2024-03-22,0.0383440819195637,0.00116757988614301
2024-03-25,0.0435622692382874,0.0018725652149942
2024-03-26,0.0458036968504712,0.00474911528830527
2024-03-27,0.045061328157827,0.00533941684061428
2024-03-28,0.0674805238333983,0.00139462874244084
2024-04-01,0.0721144611508848,0.00214883386973728
2024-04-02,0.0639433317226619,0.00563122793566796
2024-04-03,0.0502435238130765,0.0037200720494114
2024-04-04,0.0489594509024082,0.00323094738327922
2024-04-05,0.0510513443722656,0.00365263492361006
2024-04-08,0.0457366907127716,0.00169707461858889
2024-04-09,0.0483074623431522,0.00194805208231904
2024-04-10,0.0550959614493223,0.00416273214131085
2024-04-11,0.0566116204804585,0.00654037463416865
2024-04-12,0.053462467097933,0.00455706686554511
2024-04-15,0.0622996282026829,0.00828625106491195
2024-04-16,0.0645671897454434,0.00761648760624781
2024-04-17,0.0609937947813603,0.00571808248984536
2024-04-18,0.0680341825697256,0.00847792399949831
2024-04-19,0.0672992760265779,0.0101387368299679
2024-04-22,0.0497396005474943,0.00479488151618971
2024-04-23,0.0494385674002235,0.00457709515292893
2024-04-24,0.0458777721384783,0.00262340548370843
2024-04-25,0.0497659358748532,0.0038871459276967
2024-04-26,0.0437837084681683,0.0054165638717119
2024-04-29,0.0610334201979281,0.00592543321406393
2024-04-30,0.064987604509974,0.00674125628794449
2024-05-01,0.0447127030212057,0.00560063844285122
2024-05-02,0.0446901476218109,0.00522655283465668
2024-05-03,0.0421974046156479,0.0028244352870936
2024-05-06,0.0488031140031134,0.00554900565534593
2024-05-07,0.0496515127410158,0.00309370876082172
2024-05-08,0.0491116102101526,0.00638717704344084
2024-05-09,0.0523403752299991,0.00364068474915707
2024-05-10,0.0552929702442786,0.006719120203305
2024-05-13,0.0461197666875169,0.0019681788005285
2024-05-14,0.0568430835543767,0.00534403348806366
2024-05-15,0.0457659974678965,0.00696073280279737
2024-05-16,0.0433973631607751,0.00571489524684086
2024-05-17,0.0288426106754265,0.00306030119827414
2024-05-20,0.0405477663640707,0.00427708167436428
2024-05-21,0.0346027899926652,0.00377404983403875
2024-05-22,0.0300788024465049,0.00269998974734661
2024-05-23,0.0355479670387527,0.00454875454931578
2024-05-24,0.0414201318003257,0.0038187709074056
2024-05-27,0.0399114720765663,0.00238611475941096
2024-05-28,0.0432650181180653,0.0063854647943038
2024-05-29,0.0502246833971775,0.00310652901306141
2024-05-30,0.0278642649157605,0.00116788243621927
2024-05-31,0.0270707404198814,0.00156371672318727
2024-06-03,0.0299699307949045,0.00234356103932267
2024-06-04,0.0582451793985695,0.00408051558652261
2024-06-05,0.0480305952600611,0.00823255824124758
2024-06-06,0.0425500087827262,0.00323710097614299
2024-06-07,0.0450291860888565,0.00620640912033665
2024-06-10,0.0507655049553608,0.00262484343452072
2024-06-11,0.0550270683262712,0.00248874602754237
2024-06-12,0.0515969816256546,0.00173166365866653
2024-06-13,0.0454582630669196,0.00092152257180165
2024-06-14,0.0420550176441197,0.00058232331637131
2024-06-17,0.0421563308403493,0.00204828250855574
2024-06-18,0.0445770327218317,0.0059289512612384
2024-06-20,0.0358598590341027,0.00296961235142241
2024-06-21,0.0317081948010181,0.00302862366435071
2024-06-24,0.0407228773570262,0.00221140723080075
2024-06-25,0.049793771470384,0.00114165556485414
2024-06-26,0.0462239995789078,0.00296316641493515
2024-06-27,0.045947816159656,0.00424747487700582
2024-06-28,0.0574729136721753,0.00343677102036902
2024-07-01,0.0561871351184658,0.00677022357794535
2024-07-02,0.0591613122766997,0.00510760099944793
2024-07-03,0.0532201207252437,0.00393274565301477
2024-07-04,0.0530474034514321,0.00372521462599232
2024-07-05,0.0490937382251768,0.00386531283537743
2024-07-08,0.0512889231284915,0.00886533079842432
2024-07-09,0.0533076351698765,0.00908632451062966
2024-07-10,0.049214697152266,0.00402556267877392
2024-07-11,0.039713611371051,0.00545653028768959
2024-07-12,0.0587533499807809,0.011403067510307
2024-07-15,0.0384622515738426,0.00392028971756177
2024-07-16,0.0381043424308669,0.00084572894143053
2024-07-17,0.0424702004856832,0.00526720849486428
2024-07-18,0.0375623153904703,0.00415208495236451
2024-07-19,0.03773084070465,0.00400672568874362
2024-07-22,0.0308080233827215,0.00085764170652535
2024-07-23,0.0452561718102237,0.00537630180684897
2024-07-24,0.0553626977372347,0.00818837792487954
2024-07-25,0.0479131999950131,0.00636633851559562
2024-07-26,0.0507754971030878,0.00779921696303473
2024-07-29,0.045289590938975,0.00356647752662708
2024-07-30,0.0533716090383315,0.00663392652559802
2024-07-31,0.0427471921267861,0.00371609482991197
2024-08-01,0.0451293153243402,0.00158910505257326
2024-08-02,0.0450693178090977,0.003923619718253
2024-08-05,0.0428001559886225,0.00131725388382091
2024-08-06,0.0387034108075128,0.0007291091545284
2024-08-07,0.0456054176179537,0.00430517212894111
2024-08-08,0.047005544564157,0.00270802959401166
2024-08-09,0.0522075220593348,0.0012946347085062
2024-08-12,0.0446385957620926,0.00123202414269275
2024-08-13,0.0502761144816413,0.00348393416421867
2024-08-14,0.0531385321110429,0.0074440461489833
2024-08-15,0.06004037476677,0.00986460620631279
2024-08-16,0.0458843066242312,0.0035563844844104
2024-08-19,0.0480214671498297,0.00404168250554398
2024-08-20,0.0451199295763194,0.00583922590875823
2024-08-21,0.0450415551533029,0.0042444852283901
2024-08-22,0.042301154767379,0.00352062049639459
2024-08-23,0.0419789805281911,0.00519498932308858
2024-08-26,0.0418550013826257,0.00394382950097847
2024-08-27,0.043307927231232,0.00459566746079098
2024-08-28,0.0388000515236273,0.00383937990881617
2024-08-29,0.0406734629584791,0.00696526291464818
2024-08-30,0.0460735015920409,0.0041453693778132
2024-09-02,0.0456455436381155,0.00397813403316598
2024-09-03,0.0304540494292606,0.00461923650861755
2024-09-04,0.0462454758704557,0.00601330936089001
2024-09-05,0.0433420291035264,0.00429215644620686
2024-09-06,0.0225220581142402,0.0020331635111274
2024-09-09,0.0300357987422004,0.00296304673715093
2024-09-10,0.0243699837104279,0.00235782681918038
2024-09-11,0.047841447147651,0.00415653733221477
2024-09-12,0.0461980394380003,0.00440274535370031
2024-09-13,0.0556578152934541,0.00828195679734595
2024-09-16,0.053336079762583,0.00761828745227098
2024-09-17,0.0546405365237987,0.00901078749136282
2024-09-18,0.04411911171129,0.0021588529721987
2024-09-19,0.0567022255075666,0.00935473075663499
2024-09-20,0.0512420673328475,0.00621019139851254
2024-09-23,0.048378371182598,0.00925874821523341
2024-09-24,0.0481859266781154,0.00783829552751437
2024-09-25,0.027671577589162,0.00387072130204033
2024-09-26,0.0227714542814819,0.00182588378466535
2024-09-27,0.0307279510027983,0.00272344323832648
2024-09-30,0.0712762790005613,0.00482875899822578
2024-10-01,0.0457933873888163,0.00544910634850925
2024-10-02,0.0496992873379897,0.00858551451447323
2024-10-03,0.0490249231840426,0.00596791281177413
2024-10-04,0.0558921501563717,0.00425338345187971
2024-10-07,0.0580303222378163,0.006792666509031
2024-10-08,0.0436059352257091,0.00781058986407959
2024-10-09,0.0232885040895671,0.00143718028509494
2024-10-10,0.0410620620089939,0.0022901044089601
2024-10-11,0.0256820554931592,0.00182093536201571
2024-10-14,0.0508732408437848,0.00254745266225391
2024-10-15,0.0448973328812793,0.00194951121659038
2024-10-16,0.0449833846247949,0.00309547163088424
2024-10-17,0.0446731957332224,0.00209243971375154
2024-10-18,0.046990178993341,0.00561640177303228
2024-10-21,0.0485366466252475,0.00264592320130575
2024-10-22,0.0564248977775895,0.00825520857608949
2024-10-23,0.0549895074667902,0.00196656535360787
2024-10-24,0.0564003258368048,0.00214479956375391
2024-10-25,0.0684729844676678,0.00329988750494383
2024-10-28,0.0757178458278677,0.00778313016185026
2024-10-29,0.0714142951503623,0.00326827101394685
2024-10-30,0.0750641043472502,0.00364469796433279
2024-10-31,0.0786083132389772,0.0100496243229076
2024-11-01,0.0768161206568881,0.00679560225237962
2024-11-04,0.0863664186344147,0.0118509364208006
2024-11-05,0.0844555315806906,0.00807602211723206
2024-11-06,0.0689802953594615,0.00725453062428013
2024-11-07,0.0725530674264008,0.00979335595137122
2024-11-08,0.065384388760791,0.00451182875479728
2024-11-11,0.0726813983190125,0.00322955265351963
2024-11-12,0.0961450315354005,0.00939306539283903
2024-11-13,0.105779792250398,0.00721785164216064
2024-11-14,0.0948554158952366,0.00564680030510844
2024-11-15,0.101408077283108,0.00655663227078777
2024-11-18,0.11599805471031,0.00493817530458707
2024-11-19,0.127039407327646,0.0035705190495476
2024-11-20,0.0666034423345234,0.0048401660408716
2024-11-21,0.0709980421278011,0.00985542179414556
2024-11-22,0.0741486464176362,0.0107266050214329
2024-11-25,0.0628181052267606,0.00801502201351954
2024-11-26,0.0672213061886917,0.010605653438641
2024-11-27,0.0795365870372293,0.00145898016577845
2024-11-28,0.0791421215615572,0.00141547489970368
2024-11-29,0.0600985538425905,0.00385903585193217
2024-12-02,0.0641600643605524,0.00397761401704364
2024-12-03,0.0875261444344155,0.00397977136383943
2024-12-04,0.0848127104935421,0.0067450951986597
2024-12-05,0.0997657995179067,0.0150560241409746
2024-12-06,0.074890302489543,0.0054800003816039
2024-12-09,0.0963144236851771,0.00293563791526092
2024-12-10,0.0665468778596546,0.00537293905406453
2024-12-11,0.0775778837349584,0.00231472610396974
2024-12-12,0.0934170803062582,0.00197138317310283
2024-12-13,0.0715256452562796,0.00769019863741512
2024-12-16,0.0630438173890922,0.00528104915046711
2024-12-17,0.0685875055126792,0.00355798077708359
2024-12-18,0.11758076268361,0.00627741813663957
2024-12-19,0.109698459911357,0.00808757295131857
2024-12-20,0.0675192303150427,0.00546023464233931
2024-12-23,0.0954917949005041,0.0128920708415943
2024-12-24,0.105096804818905,0.0126965203508874
2024-12-25,0.0762049056792194,0.00757894503786863
2024-12-26,0.0772029077525742,0.00243161536371895
2024-12-27,0.0795944426058831,0.0130569642660642
2024-12-30,0.0814320153367639,0.0115134262083153
2024-12-31,0.0848173379031052,0.00898001498704958
2025-01-02,0.111491805803211,0.00957901256250431
2025-01-03,0.115926897589401,0.00851083552433718
2025-01-06,0.0653945121283845,0.00495352135275797
2025-01-07,0.0725304876572463,0.00651899013504694
2025-01-08,0.0774774365940033,0.0126155990157513
2025-01-09,0.0851184597925091,0.0136363214178117
2025-01-10,0.0607462790570449,0.00662560815276048
2025-01-13,0.0708844104255056,0.0102496157537753
2025-01-14,0.0912098039162153,0.0082445562762337
2025-01-15,0.116674904551966,0.00976587236883611
2025-01-16,0.0820588867286478,0.00402007449527873
2025-01-17,0.0904172324537616,0.00786759141675965
2025-01-20,0.0941977268768342,0.0108070501435829
2025-01-21,0.0971026399825974,0.0129432415136165
2025-01-22,0.131592338744846,0.00912860742169021
2025-01-23,0.110126218033931,0.0122376677457925
2025-01-24,0.0863547167231654,0.01004558045972
2025-01-27,0.0657436661891065,0.00605143500758157
2025-01-28,0.0678376029824978,0.00784884433113966
2025-01-29,0.0681681015288398,0.0113935207791701
2025-01-30,0.0758325059378711,0.0103864573957747
2025-01-31,0.0740983896066996,0.00809422665691256
2025-02-03,0.075246347182389,0.0121329376197782
2025-02-04,0.0780972370659289,0.00892740317471131
2025-02-05,0.059410304964906,0.00928923394951948
2025-02-06,0.0709661913529865,0.0128680171489644
2025-02-07,0.0864417006182017,0.0145658994643703
2025-02-10,0.0716451845241076,0.0117967311475644
2025-02-11,0.0616059782762026,0.00377819156439554
2025-02-12,0.0591753520481419,0.00434864680721377
2025-02-13,0.0701651556222777,0.00799933165412103
2025-02-14,0.0831459021088258,0.00704820659609693
2025-02-17,0.083842136595082,0.00761044639849774
2025-02-18,0.0769631968946717,0.0107921283374096
2025-02-19,0.0764999300604557,0.00872979496868311
2025-02-20,0.0743164330597895,0.0131722179322946
2025-02-21,0.0736324722813463,0.0116098560654052
2025-02-24,0.0855582549448475,0.0171358492055949
2025-02-25,0.104452289339586,0.0125657659641344
2025-02-26,0.117555158964718,0.0102050131523339
2025-02-27,0.0878886033434212,0.0130095872833553
2025-02-28,0.108785590372224,0.011165787938684
2025-03-03,0.0673556516618585,0.00499964085295301
2025-03-04,0.0885934841062286,0.0126276642786106
2025-03-05,0.0686626872450875,0.00397208689493585
2025-03-06,0.0727091298482433,0.00967290622025193
2025-03-07,0.0684604735123693,0.0057974649455813
2025-03-10,0.0701370735286475,0.00593519406899353
2025-03-11,0.0903526235644967,0.0109773811902536
2025-03-12,0.0831982557251439,0.0178484300542238
2025-03-13,0.0867376396997156,0.015898943688202
2025-03-14,0.0792860831280022,0.0114240656672127
2025-03-17,0.0773169630071234,0.0105824125528392
2025-03-18,0.0787088246488641,0.00601455220000667
2025-03-19,0.117292584342299,0.00652053053419149
2025-03-20,0.0922358202273566,0.00818378998859864
2025-03-21,0.12436419914066,0.0223960791744796
2025-03-24,0.123633003462866,0.0177740321150031
2025-03-25,0.119178105418897,0.0181960554424304
2025-03-26,0.100226225181562,0.0122722445168237
2025-03-27,0.107874962293352,0.00599203267097072
2025-03-28,0.1000284427767,0.00445227194617887
2025-03-31,0.0894161668349312,0.00538778311658396
2025-04-01,0.0980515639474383,0.0106589846978869
2025-04-02,0.0891524585137374,0.018243805654194
2025-04-03,0.102621407063892,0.00752568694905461
2025-04-04,0.12838038222941,0.021933781465488
2025-04-07,0.202905516009864,0.0167634095925671
2025-04-08,0.219853011891781,0.0336586999414579
2025-04-09,0.21839595591257,0.0345708753947341
2025-04-10,0.155075034962442,0.0164774305701841
2025-04-11,0.13720784250555,0.0103709561803859
2025-04-14,0.14752717116001,0.0224124400320485
2025-04-15,0.128466833605969,0.0201407081691589
2025-04-16,0.133957295767059,0.0190930147093302
2025-04-17,0.1014724084398,0.0166318015768015
2025-04-18,0.101757952749872,0.016320337626738
2025-04-21,0.113413418159966,0.0116547018721058
2025-04-22,0.116972365881325,0.0181981319098265
2025-04-23,0.0909361822401302,0.0132269614294776
2025-04-24,0.10692839060104,0.0171646563831964
2025-04-25,0.0899098550925505,0.0125803545560455
2025-04-28,0.0807615547193384,0.00485137303699262
2025-04-29,0.0766249025045586,0.00446423339088611
2025-04-30,0.0821023863022457,0.0053144124590456
2025-05-01,0.0886684367129766,0.00805251120311562
2025-05-02,0.0788432058272839,0.00650978073391087
2025-05-05,0.0898859889540069,0.00995978451969248
2025-05-06,0.0825740353381523,0.00469289521027496
2025-05-07,0.0809415910860578,0.00611327199544226
2025-05-08,0.0873416099825874,0.01216752067044
2025-05-09,0.0980594613819577,0.0101389145412278
2025-05-12,0.0892238977180341,0.0161060984969634
2025-05-13,0.0710292157356375,0.008673599708831
2025-05-14,0.0863061801218097,0.0086328887304578
2025-05-15,0.106402458514635,0.00575841508414527
2025-05-16,0.0744274493196342,0.00703958624434313
2025-05-19,0.0686403383684325,0.0058049999030607
2025-05-20,0.0760257750088451,0.00330212000840324
2025-05-21,0.0907090216048728,0.010486534423243
2025-05-22,0.0678422201294232,0.0027349090388646
2025-05-23,0.0683788974494322,0.00155524389178264
2025-05-26,0.0670326758453344,0.00109605770645517
2025-05-27,0.084365017335101,0.00926554369952337
2025-05-28,0.0959132732290052,0.0150556963017723
2025-05-29,0.0692743257827209,0.00462636381030022
2025-05-30,0.0795477140579126,0.0118101778836684
2025-06-02,0.0657705686172376,0.00160364261481165
2025-06-03,0.0756592202033919,0.00412440112374259
2025-06-04,0.0878130769815654,0.00659089053748759
2025-06-05,0.104136631706758,0.00724203501014452
2025-06-06,0.0855801771572982,0.0114731743572788
2025-06-09,0.106739239069366,0.0172928355187913
2025-06-10,0.0719989899724949,0.00289780051355811
2025-06-11,0.0900763923120675,0.0120498709066684
2025-06-12,0.0733530114704383,0.00947266371558876
2025-06-13,0.0742247388606473,0.00569930350778805
2025-06-16,0.0711255854395492,0.00735535321295898
2025-06-17,0.0694551629178521,0.00817308681543386
2025-06-18,0.0716859341438763,0.00266016487452959
2025-06-19,0.0716755020668725,0.00264335068081791
2025-06-20,0.0796580724622117,0.00802688573406765
2025-06-23,0.0778751875308875,0.00940144446800415
2025-06-24,0.0801250191128076,0.0101497920654785
2025-06-25,0.0676250655140554,0.00235173220560984
2025-06-26,0.0625250267741849,0.00399607142640017
2025-06-27,0.0605548310211521,0.00585782127490056
2025-06-30,0.0608957539788649,0.00443144600440019
2025-07-01,0.12462752100787,0.00265415161388812
2025-07-02,0.0632656141547739,0.0038552463870722
2025-07-03,0.0659346678789203,0.00249767278516576
2025-07-04,0.0657442836201948,0.00297330666991373
2025-07-07,0.0660096019266969,0.00569943647805706
2025-07-08,0.0750416085065505,0.00106987905366918
2025-07-09,0.0583675156524929,0.00183644285905541
2025-07-10,0.0575914414985451,0.00611956800169223
2025-07-11,0.0708022561665211,0.00995976997408844
2025-07-14,0.069482250408026,0.00374919977717103
2025-07-15,0.0639789099954801,0.0104833607785381
2025-07-16,0.0840928075946842,0.00153144532812381
2025-07-17,0.083083783684965,0.00407541065041371
2025-07-18,0.0795703175522787,0.0118956259055877
2025-07-21,0.067549481358338,0.00982137544946268
2025-07-22,0.0621893764947414,0.00418110300886292
2025-07-23,0.0627480846532905,0.0054269123429771
2025-07-24,0.0719204184058185,0.00531855560055124
2025-07-25,0.0693161849401008,0.00724122269497733
2025-07-28,0.0605038140612286,0.00532416819419385
2025-07-29,0.115910295274941,0.00405314694549198
2025-07-30,0.135777237749848,0.00616117938784771
2025-07-31,0.0917044556132741,0.00917143388725601
2025-08-01,0.0776630591550734,0.00995978376997455
2025-08-04,0.0671616113630106,0.00441415937298604
2025-08-05,0.0722668258282287,0.00898725315386344
2025-08-06,0.0709440388970915,0.00239372510532348
2025-08-07,0.0782766754104418,0.00774593771344315
2025-08-08,0.0786968107827843,0.00394026296746832
2025-08-11,0.0699478053213056,0.00541883247497972
2025-08-12,0.070132011812611,0.0114954824321287
2025-08-13,0.0700495493033603,0.00302406008664091
2025-08-14,0.054587723525352,0.00314553653188955
2025-08-15,0.0571358015445918,0.00329683791667586
2025-08-18,0.0520280490494321,0.00108926933405115
2025-08-19,0.0522632387745621,0.00463366333251346
2025-08-20,0.0544162039941264,0.00891937779487215
2025-08-21,0.0585673200472951,0.00591871205089315
2025-08-22,0.0588405067788312,0.00879817068710317
2025-08-25,0.0519453965813848,0.00647845746162232
2025-08-26,0.0602175539197385,0.00860224561296594
2025-08-27,0.0520784352810994,0.00186445051358051
2025-08-28,0.0472142897413093,0.00115011867584165
2025-08-29,0.0605997470190645,0.00443521486042259
2025-09-01,0.0584732790441865,0.0035165198721435
2025-09-02,0.0469020522817754,0.00188856632871291
2025-09-03,0.0569578607945867,0.00052439817826215
2025-09-04,0.0516588016064746,0.00209497426679884
2025-09-05,0.0546532333065521,0.0068527167700538
2025-09-08,0.0532955059349908,0.00501694001211265
2025-09-09,0.054169418066381,0.00346567801588889
2025-09-10,0.0490183204033005,0.00403649654667062
2025-09-11,0.055124314957025,0.00474015337225397
2025-09-12,0.0685998351676945,0.00846763321122774
2025-09-15,0.0768526485761947,0.00880763660692419
2025-09-16,0.0677421606456149,0.00367688686830894
2025-09-17,0.0810523013769471,0.00611060562520831
2025-09-18,0.0649085045352472,0.00464105083158548
2025-09-19,0.0711284057708733,0.007532113631853
2025-09-22,0.0783881788117523,0.00629079418556841
2025-09-23,0.074038609463338,0.00691234585553341
2025-09-24,0.0814049099153929,0.0073924679511135
2025-09-25,0.0829856655420735,0.0117828078265236
2025-09-26,0.0748302052581978,0.0100071214618595
2025-09-29,0.0737100408598434,0.00751978387485778
2025-09-30,0.0764488052213838,0.0108385695639758
2025-10-01,0.073326204436224,0.00933549063885299
2025-10-02,0.0689123408779887,0.00358482322009252
2025-10-03,0.0858620160839295,0.0180318899098085
2025-10-06,0.052946948058742,0.00533524901376731
2025-10-07,0.0527629890774433,0.00100366730286497
2025-10-08,0.078101050619865,0.00173106761653777
2025-10-09,0.063714497666218,0.00259699900406929
2025-10-10,0.0833283782292134,0.00772469952659561
2025-10-13,0.070249222135392,0.00488573243206308
2025-10-14,0.0839492548519013,0.0157326217723005
2025-10-15,0.112127887803079,0.00989757571261821
2025-10-16,0.0924730013374717,0.0089504095640624
2025-10-17,0.0627435816060981,0.00635300370694991
2025-10-20,0.0596311466093759,0.00589993765482624
2025-10-21,0.0699353577240731,0.00803480676831053
2025-10-22,0.0705165121087699,0.00531703222038795
2025-10-23,0.0638761488800666,0.00630843082311648
2025-10-24,0.0872780363711654,0.0058767053554846
2025-10-27,0.0905522987996251,0.0028737996465432
2025-10-28,0.0750731704373352,0.00559331698435292
2025-10-29,0.0692237601930494,0.0094317473966467
2025-10-30,0.0825378021734537,0.00791537767280095
2025-10-31,0.0778754777703544,0.00755750132861611
2025-11-03,0.0637741354119641,0.0047300656332603
2025-11-04,0.0833133139483003,0.0102604886651952
2025-11-05,0.101414866253656,0.0156950202027509
2025-11-06,0.0774720778699627,0.0117896399365713
2025-11-07,0.0807030823172794,0.00542722217195912
2025-11-10,0.0673483197300454,0.0060504539396538
2025-11-11,0.0789460080742196,0.00131086297696774
2025-11-12,0.0600234856930509,0.00415915879959986
2025-11-13,0.104437248449572,0.00859554538654653
2025-11-14,0.07126687952899,0.0122070309140223
2025-11-17,0.0632734101360617,0.00309648665855529
2025-11-18,0.0724519927205648,0.00920926349174014
2025-11-19,0.0674050209863589,0.0106884530992355
2025-11-20,0.147984687689465,0.00793722002482894
2025-11-21,0.105500836735839,0.0173938544112209
2025-11-24,0.118813581314664,0.0078761219541832
2025-11-25,0.0846255039005295,0.0100026987580264
2025-11-26,0.0597782136406665,0.00398657533887989
2025-11-28,0.78754408209669,0.0115542428116844
2025-12-01,0.0639160154210229,0.0060168068599679
2025-12-02,0.101426983393974,0.00671583693083178
