"date","All School","Board of Education of the City of Chicago","Clark County School District (NV)","Los Angeles Unified School District (CA)","School District of Miami-Dade County","Houston Independent School District (TX)"
2018-01-02,100,100,100,100,100,100
2018-01-08,100.044487163161,101.891324235975,97.9214658667862,98.9415265808209,98.264560149137,101.50961744091
2018-01-16,99.3657444166757,102.416863446054,96.633227416239,97.4668131592511,97.3436255776194,100.711716170996
2018-01-22,98.0650910364507,102.772852818849,94.8187008260264,95.5726539406347,96.0169569482872,98.6893337622686
2018-01-29,94.8142313090966,100.950584458754,93.2721231529233,92.3481448675138,92.3833139285138,90.9455340983007
2018-02-05,93.2041044096563,100.219130562483,91.7892922407525,89.5583918557553,88.9043044015627,88.6566147360117
2018-02-12,92.1105466603021,98.6520033391793,90.4322449838323,88.0130419557648,84.8164923533771,86.9394116064055
2018-02-20,93.2006905107755,99.9376636442735,88.8941559632424,88.9101784111755,84.9386390971994,88.414969652198
2018-02-26,93.2639310967682,99.9686047348945,87.5942826178122,90.9210996892154,85.2139224153609,86.8859460852279
2018-03-05,92.5249168045262,98.7647759875048,88.1332370938755,91.3223142958366,86.5497022053634,84.156983176531
2018-03-12,91.6319177894863,97.428528929035,89.7266306846448,90.7994541266477,84.4316298022309,82.1496063941649
2018-03-19,90.6209121270994,96.088012949785,89.962115391581,88.4079872675152,83.0903414686722,81.1347981764682
2018-03-26,90.4801713785159,96.2221710499805,89.1047490996727,88.7694854245532,83.0234424356129,83.1733402839673
2018-04-02,88.7603048222219,95.1809827880773,85.5629454292105,88.3260030361802,83.9574279789533,83.9013011267599
2018-04-09,87.7744511181098,94.8154605830907,84.9358558716077,89.0798103142367,84.6308974432914,84.2051663273739
2018-04-16,86.1058767867123,94.2644598032894,85.1216749019969,86.7186710022731,82.8289290311739,81.7275650136259
2018-04-23,85.8990967397229,93.8687764667716,86.0246697831103,85.4385518408838,81.9296039666954,81.3080552096963
2018-04-30,86.3266649302772,93.4443288531554,85.9487999054861,86.5741118695447,81.9586340375338,80.1494475842424
2018-05-07,87.3757277636157,92.9591843122037,86.1197187525045,88.2978223722367,83.4628111935637,83.4318060885146
2018-05-14,88.2610066613481,92.7021490794613,88.5236316596137,89.7310706154229,84.2151290980333,82.6586127758431
2018-05-21,88.4202892291713,92.6230093546149,88.4829987430575,89.9269881425518,85.5307294561378,82.6091209648155
2018-05-29,89.4235806470202,92.0702587336239,89.7574518480959,91.9335186994142,88.0403190532118,83.6154863087663
2018-06-04,90.5479708050868,92.9148289031073,88.1446621530858,94.4231684525485,90.1064598465573,84.350801416507
2018-06-11,90.6054885982858,92.2673879673778,88.6405384739494,94.7744376916982,90.2740935010266,83.8114476327317
2018-06-18,90.6008841872443,94.5774559552418,86.6791887248312,94.0732578358835,90.4624898020374,80.786647055866
2018-06-25,89.6633579654484,94.0069063574523,87.2848820150049,91.2808074646467,90.1115464147552,79.916961843198
2018-07-02,90.4914310047772,95.1921214363084,88.1923178237475,91.2233433210349,90.9536744294359,82.2538845566185
2018-07-09,91.3471788030861,95.3031807562273,89.8660341253552,92.1273724023398,91.5188607041585,84.3477170165015
2018-07-16,93.2832503298373,96.7085421223285,90.5137171819491,95.290044559881,93.2861180519904,87.8489205969266
2018-07-23,93.3291291812684,97.6670925684394,89.8719430236813,95.4493632067715,91.6855001615921,87.5086587095757
2018-07-30,92.8418361700087,97.5446733081276,89.0440830963248,95.4501175341681,91.267680722543,85.4565807588303
2018-08-06,92.266293560166,97.7655679073888,88.8656534075814,95.2072568701097,91.1213829301937,81.7066010965233
2018-08-13,92.7841017824745,98.4460903170012,88.9232253486582,96.1458091810735,95.0278404978025,80.0979637950662
2018-08-20,92.8036005653684,98.2633220483598,89.403537874027,96.0901578562947,95.4696818340198,79.6092148200054
2018-08-27,92.291152828139,98.1551874189977,88.966522153517,95.2480319350241,94.480337108799,79.1061119255272
2018-09-04,90.7443015100968,96.6470595199628,87.918303673057,93.0824887763433,91.7200320731929,78.376590029291
2018-09-10,88.4017786099687,95.9429402633195,85.5811982173611,89.9132532322647,88.9931940299279,75.0514040520811
2018-09-17,86.020758455187,94.7233502926568,83.1460471003178,86.731683901367,87.6305667711308,71.5949778718115
2018-09-24,84.018250973915,94.3253108794406,82.0796697802419,84.7651470127246,85.4404403265628,65.9363280804406
2018-10-01,81.9896081226202,92.9106646089505,80.5492638306554,81.121941705661,82.693121520144,65.0540402656925
2018-10-09,80.5700640829709,91.8917800506195,78.9841574869414,77.9217273204388,81.4690816567104,65.8803621734673
2018-10-15,79.5596092151739,91.4056789904865,77.1794371505503,75.6349184380358,80.8529169864518,66.8014013212032
2018-10-22,79.206211187253,92.1159056700687,76.1498403990799,75.8927293968779,82.6816735283738,64.3479982517762
2018-10-29,78.4025921170069,92.847062750489,75.7107338517378,75.041819534603,81.505865821378,60.9743206778835
2018-11-05,77.688168525188,92.8345288583009,74.909662875675,73.8707973601483,81.1284866872149,59.3098815652172
2018-11-13,78.3455195182943,93.1195088299413,75.832751679019,73.7662417479532,81.1794861670231,60.5964373639657
2018-11-19,79.591228419215,93.7424729056846,77.1633899306095,74.4636982975148,83.4284286866875,62.6583308122068
2018-11-26,82.2538012979364,94.3698197680621,79.9034970008884,76.4746764561443,87.6716904318217,68.0586782784654
2018-12-03,83.8355348245934,93.70733582972,82.2719679163556,76.9966439956133,91.678679144463,72.207245205448
2018-12-10,85.554649589597,93.1409295869549,83.9856871247119,79.3138408008158,94.4348557022931,75.092159396015
2018-12-17,86.5346970902803,93.6250412153181,85.6087090565967,79.8278610429294,96.1544514572671,76.6303351461789
2018-12-24,88.2585395287634,95.369251695069,87.1585739806607,81.5370463740106,98.6464320388143,77.810576268611
2019-01-02,91.2120758909007,96.4858995259252,90.1610899567875,83.456767155724,101.863789649577,83.9860955807413
2019-01-08,92.758062043921,97.3653076399848,93.2349888470886,83.6008018836054,104.497077171842,86.6785030158073
2019-01-15,94.1119614328975,98.261463568583,95.2793615583184,84.7893833318992,106.508270217256,87.2384014957655
2019-01-22,94.7639321201252,99.6163773668118,96.6455431374081,85.6603195992972,109.112442092709,84.1310037536464
2019-01-29,97.3701772037882,101.017728209586,97.5433776095339,89.7196152937019,111.196852237692,86.4707005336997
2019-02-05,99.8631922746597,102.663435671547,99.664706130568,92.3626290874684,112.385113390196,90.2463529185351
2019-02-12,100.674610224497,102.483128708059,100.958875698707,92.6882616550076,113.794515385809,92.017730026258
2019-02-19,101.073429822715,102.120427381639,102.338776035832,92.1784145997852,114.686862445415,92.8001008360781
2019-02-26,101.186280451199,101.509265825112,103.335300680856,91.1814569444437,116.552272051076,93.4848883951191
2019-03-05,102.081457154508,102.325417959161,105.354962684279,91.4708053744313,117.610069555668,94.4215563379438
2019-03-12,103.511947632532,103.949594039823,107.426746414358,92.0468118266601,118.57619699149,96.435260653949
2019-03-19,105.765321305082,103.861809728413,110.328184832713,94.3181350929821,120.474317554825,100.900851206952
2019-03-26,107.486760260335,105.447799815923,112.585096289697,95.8182774002705,120.927070486011,102.194684587792
2019-04-02,107.192220532425,104.799816704518,114.087905150423,96.092850882091,124.304410250612,95.3000621710193
2019-04-09,106.939994077191,105.917435782045,114.287628320877,94.8409128957155,122.163055307649,93.257528723867
2019-04-16,107.19381896112,105.40569885134,115.708528624065,93.5259397392266,122.396113633417,94.7010711574269
2019-04-23,108.734413961322,106.167765476531,117.381956108614,93.0210144544131,122.213181605448,102.14080444647
2019-04-30,110.504690038429,106.827088405723,119.940209824775,94.7726699215074,126.699198359364,103.091819169756
2019-05-07,113.217852033203,107.136888568124,122.653975806222,97.8448656757608,131.380239806166,106.921531472587
2019-05-14,115.552455791188,108.857253239756,124.560334553026,100.923544406961,132.275341587783,108.89090752951
2019-05-21,117.123196133403,110.788431880088,126.162432288156,101.772622517955,135.802977526884,111.392571439641
2019-05-28,118.070488886513,112.316878536281,127.065398966791,102.730451928097,137.542262509373,111.47292372998
2019-06-04,119.927120897322,115.647281072053,129.172727883912,103.488459678792,141.998608354417,112.852767017867
2019-06-11,119.910381858562,116.073273347394,129.832664817373,100.911546891839,143.52971253994,114.96118557297
2019-06-18,120.323458588543,117.09000821051,131.098503890493,98.8973180281365,146.168815069578,116.042688172496
2019-06-25,119.355246886734,112.551669667474,132.031182940433,97.2614454114401,145.814541080377,116.954959581903
2019-07-02,121.301000648173,112.956226871624,133.116125087437,101.022212993929,146.011660075159,116.424041419817
2019-07-09,122.333168596528,112.582275370415,134.042586079139,102.962122735606,146.893190714623,117.469983593545
2019-07-16,123.621829320161,113.802253808766,134.417896022897,105.105947383013,148.83459083402,118.392060628586
2019-07-23,125.285390313899,114.739022141292,136.530029611139,107.696939523243,151.517799592663,119.766915579279
2019-07-30,128.300099181847,116.398998170517,139.713585656965,112.412634209342,153.992045901399,121.125512271114
2019-08-06,131.784045699208,116.9699768879,145.282045332066,116.962546537072,158.537688925593,123.991147331108
2019-08-13,133.725329395404,116.965187650664,147.724747119311,119.326187223586,162.11514488139,126.275744990189
2019-08-20,134.367555258255,117.671473902594,149.03292139229,119.367224408204,161.946204715881,127.996545393295
2019-08-27,134.341085500465,118.887620830128,147.14073358526,119.438927530978,159.861528416837,128.029633895982
2019-09-03,132.543020650161,120.259235061767,145.216435187098,115.825411378872,156.340901407024,125.569686829931
2019-09-10,129.405541665751,117.906251185917,141.283137629531,112.15693941785,152.351165933245,122.899744139177
2019-09-17,127.920762324987,118.851285469637,138.651800678022,109.630433575508,151.185380690826,121.525239187205
2019-09-24,129.09755650881,120.036468001081,138.76089637642,111.51533186396,150.441402279873,124.299358476187
2019-10-01,131.949420121321,122.721632778769,141.430238855343,114.9421658815,155.155237414465,127.066153798999
2019-10-08,132.749974885134,125.386747948209,142.402925632545,114.233423003136,156.028773128381,127.405006429475
2019-10-15,131.063112810437,122.279707443548,141.92861130344,112.231903904082,155.959150573161,127.063299114267
2019-10-22,129.04792379243,120.708341018715,139.45855567937,109.407646602296,150.90392044155,127.731746100721
2019-10-29,128.039870275468,118.249459765332,138.054386143286,109.746670475242,149.286971841906,127.79102494764
2019-11-05,128.489596573468,121.044858726547,136.769343498726,110.326955098706,149.112140237816,126.324160892744
2019-11-12,129.692479299668,122.240949871343,137.746190010898,111.248209569414,151.557594793877,127.936187185277
2019-11-19,131.089465282655,124.658525407541,139.280038580574,113.011886714088,153.922716055024,128.820646762111
2019-11-26,132.312329406702,124.21151720096,142.247321667837,114.549866513329,155.582492381344,130.946957946191
2019-12-03,132.722054877882,123.825427459862,144.038036389537,116.242859442565,157.455852962561,129.419244739806
2019-12-10,132.96180000434,121.683403649318,144.532039119637,115.406504430344,156.306590166277,133.292767183034
2019-12-17,134.848590502036,125.102569495823,145.340360412336,116.743616455758,159.594458272407,134.43414559229
2019-12-24,136.97367513916,129.02497081068,145.777706685565,117.829800782748,160.224729308915,137.526129774655
2020-01-02,139.416350511389,133.397664424978,148.548077947688,120.853726103808,162.199397432278,138.082019757424
2020-01-08,140.649758017766,133.184982020822,151.565951114015,122.637950316638,160.843110848054,140.907119629264
2020-01-15,142.172314203848,133.687649507213,154.639728774555,124.717960615942,161.805110541791,143.781153894173
2020-01-22,143.793173853019,134.18492819146,157.206882368158,126.098889704287,166.468645498817,146.260284125495
2020-01-29,144.92081557087,136.720334988961,157.742521932752,126.698572038785,164.290777427112,148.688344576691
2020-02-05,144.827572528088,136.93795404833,159.146707764914,125.292309872458,166.63887356374,148.048080715141
2020-02-12,146.149702475197,140.501969962069,160.815915732955,125.158081071745,167.003892507558,147.823899130519
2020-02-19,146.893977172567,139.535741189594,164.740453840923,125.722423622253,173.979392924917,146.669290958646
2020-02-26,147.708726384936,138.814479604285,165.938205669877,127.24852081082,176.174038267777,147.360737644749
2020-03-04,132.4887662156,123.574586837893,153.252567344222,111.361320301111,151.649813819458,132.284638413408
2020-03-11,103.170676248146,105.685682004719,124.865684730734,73.844188947581,104.059665534518,105.230615436676
2020-03-18,86.906401499692,92.3585272687428,105.531239959009,55.0812969737602,83.8149603723364,90.7161722379956
2020-03-25,83.5474476858891,88.3433245293365,100.277160641019,51.2922037756047,88.9567123877367,89.6211132240798
2020-04-01,101.04612622963,92.2311068292068,114.955557264681,77.3792302952037,122.708082259791,109.789838976276
2020-04-08,107.32900533583,94.7103616899,123.350406798036,86.3320110881765,139.335000460461,116.175860446063
2020-04-15,110.953686092902,96.1351627542785,127.423481006996,92.2063575377931,143.625427758526,120.162123754897
2020-04-22,108.968318060906,95.9643182733616,123.086378222634,92.2349543227129,141.975246614608,118.536161781888
2020-04-29,108.149732651351,95.0475260883892,120.215504530443,92.5901795921185,136.36853649337,124.8007244585
2020-05-06,112.877197191419,95.4345859219701,123.492435892828,99.7274351306075,147.514201554104,132.054315273437
2020-05-13,119.918996343091,96.0074821616622,132.41111003044,107.823719225899,159.801835769537,141.516046656178
2020-05-20,126.459107144836,99.3115267466397,140.236050582349,116.089726359689,167.895492294948,144.11635738477
2020-05-27,131.609490634904,103.174949104739,146.474135068836,121.373278601697,171.754089120298,150.148265004344
2020-06-03,134.706027646682,107.376515043298,150.440373273565,122.991100310451,175.650813945958,150.974748670612
2020-06-10,138.19685758924,111.312837045158,153.324641068009,125.874675200565,178.635522324119,154.68399840277
2020-06-17,140.392233356332,115.849452527222,153.843953170243,127.751830724084,182.154276817732,156.476800156036
2020-06-24,142.179309907727,116.579317704606,155.409666647228,128.04071854174,188.39875040445,160.625363248167
2020-07-01,143.389882526828,116.244934592337,157.037011679222,129.334216664669,190.156325548252,160.407955338346
2020-07-08,145.811691901633,115.958419073843,160.787913017764,132.337530102256,192.376816948044,161.224537659373
2020-07-15,149.228163915043,118.197560047332,163.519758447961,138.650420136963,193.717782515062,161.317350820642
2020-07-22,151.704267744919,119.60484947229,167.232190695,141.052323461128,199.812680290464,162.799136183629
2020-07-29,154.82623486833,122.573479378084,171.064235111238,143.731253284957,205.11708179216,163.879855852501
2020-08-05,155.212036287191,124.301061438388,173.816862827031,141.678049158582,201.928345461856,166.186427745797
2020-08-12,156.254905514076,130.979488786637,173.986768045082,140.899593537154,199.62469774711,166.074530449652
2020-08-19,154.079637609001,129.687034602314,171.331116253181,137.586417539481,194.639957052886,167.044027924154
2020-08-26,152.484106849934,126.280896427507,168.075831125715,136.342947401073,193.221971675259,166.686452067631
2020-09-02,150.172005260544,118.432690360169,167.115739112694,134.22422673492,192.223258674882,166.782028773445
2020-09-09,151.236500669474,121.904747340531,167.443796092025,133.794791745931,191.754990369575,168.233779367235
2020-09-16,151.99011138271,126.274893034349,168.426522023848,132.814956674569,194.919834770583,167.60742342997
2020-09-23,151.072030190532,129.947217301385,167.283037522953,128.955155615032,193.777152639566,169.07756904621
2020-09-30,149.21769989193,128.418251921154,165.28916506243,126.411568392396,192.141391240811,168.675736430723
2020-10-07,148.976129978,129.551615084299,164.418766816158,126.155588768466,189.601664192233,166.102329255723
2020-10-14,149.468288913226,129.14206361704,164.40760546162,126.817644302276,184.976758031782,165.724618348908
2020-10-21,148.853816162148,127.143190449762,164.88466175488,125.708581874704,181.589912720147,163.788263804222
2020-10-28,149.854176881517,126.44217294696,165.757879480748,125.914345896912,183.422237209345,166.999598268993
2020-11-04,151.717715574672,127.879049315961,166.832934976983,128.366929482421,190.896867285898,167.32792415122
2020-11-12,155.220693766143,128.135965734358,170.76095308154,133.007803173265,197.179659841579,173.360258153313
2020-11-18,157.121671012952,127.663523657737,173.339180957011,136.444198178536,195.903485562069,175.194852462207
2020-11-25,158.709659977171,125.919178668807,176.777253715565,139.135841582659,192.787199621013,176.107420102713
2020-12-02,159.969854508485,128.819759568902,178.133311958506,139.634613246257,193.546976821511,175.881805710062
2020-12-09,160.822979374099,130.375684001754,179.929839645917,140.241905561534,194.663776188025,172.972618228654
2020-12-16,162.370744082013,134.594958228079,180.864721057127,141.503515620472,196.977551976617,172.120210038789
2020-12-23,162.902902745193,138.270550125945,180.177815733678,142.126434319047,196.797855900276,169.069202586842
2021-01-04,163.474312656965,144.892681007668,178.574555101799,141.186399371474,195.497752238896,169.709554385924
2021-01-08,163.520947138478,147.972293056314,178.039285328582,140.01576335407,196.043788737866,168.13620670504
2021-01-15,163.96007778428,148.5460170667,179.225042622721,139.859407613018,195.582778886168,165.821278053872
2021-01-22,165.705408752755,147.496976583918,181.555550622822,140.713263887743,199.510469233312,169.185824015803
2021-01-29,167.789213361663,146.682731219098,184.802637547814,141.731312788484,199.797207615948,173.382510692483
2021-02-05,169.397357694868,147.779788560082,186.122060122605,141.772635951226,199.977725533673,178.172318753923
2021-02-12,165.67673999629,144.090070899713,183.384634090601,136.280371004774,194.45742740458,174.385014954136
2021-02-19,160.717630722952,139.909899382457,177.621545899042,130.296915733286,188.095578176831,171.2145799845
2021-02-26,157.019788953488,134.170553787438,174.135967073643,126.670564109707,186.725998016635,168.278018644006
2021-03-05,158.034022597733,135.017124296043,174.950467461153,128.321363179447,189.720528939698,168.407584224562
2021-03-12,158.700515325916,137.999355220198,175.879079824844,128.911991116657,189.701097855068,166.551766831899
2021-03-19,159.334917325285,141.955990405162,176.638837355277,128.986008793358,188.418924022595,164.232185232065
2021-03-26,160.231130608722,145.723999515875,176.62718890926,129.148224658189,188.483705219194,163.520931047644
2021-04-05,163.023755692369,147.082438173563,179.346361400407,132.322739111715,191.396648344693,164.886432615311
2021-04-09,165.203974916525,147.427569687466,181.546388309267,134.515001669055,194.941279682859,166.542997275778
2021-04-16,167.347210316759,147.195045638834,183.300516995331,138.710965723768,196.775266955051,165.570877222406
2021-04-23,168.130280164223,150.877278237214,182.695763454054,138.902365902348,199.350382260923,162.68573170636
2021-04-30,168.504868969379,152.881603827479,182.383061388699,138.765244005803,196.959049557378,162.779029833622
2021-05-07,167.592735903586,153.074677646586,182.09879087877,135.784820368154,195.768222898208,163.51923186093
2021-05-14,167.620335864091,151.063098731907,182.556826294623,135.764032504208,195.340344398506,166.373200845774
2021-05-21,168.032202656145,151.134785291071,182.309097767268,136.722430297675,196.474045858286,166.82129395012
2021-05-28,169.990949322319,153.56267993575,183.402987788533,139.136020778412,196.65053682687,169.131714434706
2021-06-04,171.787162105477,159.664573923833,184.757040685077,139.648309864622,195.644702960727,171.393542272729
2021-06-11,171.212450140766,158.359287978933,184.056534215215,138.390817501342,195.76421301193,170.150648348273
2021-06-18,170.037717495165,154.835452842156,183.081916730556,135.926337998076,197.732825517641,169.610929611171
2021-06-25,170.683368082236,153.864897378402,181.752647114201,135.866937839918,201.845109825292,170.146006220883
2021-07-02,173.657373275908,163.332485182939,184.300249957645,137.866457935079,203.595421960097,173.43967386449
2021-07-09,175.752947675216,165.612524710223,186.9235211596,140.559707351609,203.322846102425,175.991795887565
2021-07-16,176.375192946928,164.647144525021,188.752714171321,142.200037450653,204.120239294612,176.87222516268
2021-07-23,177.006589315532,163.758973647067,189.202747131449,143.27028772275,206.020111143437,173.610830321934
2021-07-30,177.398191318371,166.440495849523,188.537604363832,143.253215668281,206.969583906434,173.398988006609
2021-08-06,176.206669147094,163.114283023925,188.277638633316,142.488794142297,204.824344117337,171.730566186984
2021-08-13,174.723693532141,156.098250740659,187.878209547544,141.148448764909,205.275468215435,174.585444296077
2021-08-20,173.781123454833,156.349955969003,187.534875929907,139.921210843935,205.09676137114,172.7016190793
2021-08-27,173.666402550179,156.498766165721,187.603667555307,140.148378377886,201.718143811236,172.596363616777
2021-09-03,174.600521291185,166.354862537245,188.315635861869,140.559924398544,198.148445121026,171.26365052318
2021-09-10,174.527027324069,165.924197109999,188.813449751971,140.89592668624,194.320499521957,171.050259871688
2021-09-17,172.342368300763,164.476968234991,186.027303913351,138.469215626586,195.019781633011,168.863048528629
2021-09-24,169.405194316769,157.529664713301,182.824487305987,135.582557703867,194.091194073757,168.22234977425
2021-10-01,166.887175181826,153.760730820683,179.658105179389,133.487591985408,193.209188204756,166.118967050964
2021-10-08,165.400044060195,155.87702599291,178.092989251014,131.642001470077,191.881597640167,164.127834811536
2021-10-15,163.2733594517,153.196257218064,175.977000251341,129.80102416732,188.376832812469,161.284202402964
2021-10-22,162.413234228211,154.003600656693,175.09058645773,128.232206857303,188.798103214387,160.613818046094
2021-10-29,163.563148246232,153.783703721334,175.748759797463,129.509327409793,190.245694889059,161.863146629353
2021-11-05,164.80710384215,155.874006901718,177.379635579962,130.359568806174,192.094070434009,160.965394662771
2021-11-12,165.401188665849,154.474970590375,178.418455888269,131.646611374946,191.865768342848,160.036969903036
2021-11-19,165.214377025699,150.447658114453,179.85394635539,132.285629821905,191.489286765006,158.308403389932
2021-11-26,166.062249276153,150.102587070345,181.685735392817,133.535271328144,192.207613006146,158.482829964911
2021-12-03,165.88458308533,148.32731523386,182.420971408845,133.945445887374,192.72540229506,157.429442154165
2021-12-10,165.312735578571,149.728160428349,182.04729721141,133.258932983639,192.805937762971,154.435107502705
2021-12-17,164.520188280901,147.430642010793,180.16587193893,133.115367736299,194.136797728713,152.605735929563
2021-12-27,163.355260269861,147.104437665348,178.083910476354,131.381821687403,194.90010019751,151.538857074551
2022-01-03,161.239355984701,147.505382776681,175.09298840113,127.73054623757,193.192511760789,151.899682502271
2022-01-10,157.574603517667,145.100056954262,171.077137413867,122.728167698939,188.402973104827,150.372458823271
2022-01-18,151.709824426951,142.163730946961,165.286392830227,114.550369918629,179.92261555263,146.618949937932
2022-01-24,146.71989245136,140.800720808636,160.314073349777,107.447560402055,171.815453883058,141.586726680735
2022-01-31,142.958744289074,143.075315977672,156.479522011238,101.762966023851,164.172911950136,137.055626137037
2022-02-07,139.73119525399,144.674571958702,153.573470346338,97.5523311904187,156.635968885862,131.219857251932
2022-02-14,138.101749338917,146.579800996809,151.400617476934,95.4025525033795,153.706474611871,127.598794894117
2022-02-22,135.924854477558,143.695206514744,149.112146896478,92.9102628621339,153.32272415146,125.31757229393
2022-02-28,134.819365659518,143.080081868592,147.144859452301,90.9093106267256,155.983669026285,124.381700581838
2022-03-07,129.182912084673,137.176628884264,142.178456510156,83.8207643865974,150.815456695768,118.58673554179
2022-03-14,122.822707887522,134.001734659972,135.465011910637,74.9652509291703,143.855684697892,111.781709749587
2022-03-21,116.43769048805,129.976406416875,128.426163118113,67.2982574370584,136.030013297822,104.063002981226
2022-03-28,113.917694395345,143.274783393801,124.044588830523,63.762950684442,133.128994434721,99.9162453043991
2022-04-04,108.943484355505,138.067147071286,119.100837894601,58.6433183885078,126.433499612592,92.659864241343
2022-04-11,103.191809931589,135.116856978515,113.638194434849,50.918945310014,118.343534673938,85.6892418221308
2022-04-18,96.1060828122513,116.730442555428,106.858473932161,42.5091418362185,111.005667287781,79.6771639107712
2022-04-25,90.6143151946021,117.446606672143,100.624459109093,35.1972488401325,106.249444476162,73.2189770390928
2022-05-02,87.014766507909,117.470464764202,96.0736465849091,30.91461173464,106.152643881545,69.7552343067972
2022-05-09,82.502708463274,114.369970310897,91.8923787335919,25.8903749349204,100.987256254488,64.3905154593948
2022-05-16,83.4414292305013,113.519902594971,93.3186153013922,27.6307500534854,103.626061461703,66.035003385128
2022-05-23,90.2876962512158,116.090325241079,100.071553106673,37.6248105019266,112.028967556245,72.3626187965796
2022-05-31,98.1335015271261,121.345642469508,107.943611279772,48.1882255390488,124.344376144388,80.2576557026886
2022-06-06,97.1053546466928,120.59542921201,106.288219759511,47.6470016638216,121.090251597157,80.4858907117741
2022-06-13,91.6606450612319,118.321068489157,100.074634922887,40.9730343131157,114.283948977065,74.4218475289984
2022-06-21,88.2777736478992,117.037058752694,95.1753004741691,36.7723532506309,110.06415985979,72.0164225272184
2022-06-27,92.1380559214969,119.543453428174,99.6846705700479,41.1779694111037,116.789815239603,76.2321063163208
2022-07-05,96.5889571153162,120.035966174711,104.470085340898,46.286623886003,122.18184157441,85.7256179028708
2022-07-11,99.4712187529666,119.964534795405,108.572590790748,49.8013527872193,125.157874922877,89.2325944934088
2022-07-18,101.874508048017,120.610618742446,111.388122213676,52.9831082555503,129.505096655935,90.9578821659872
2022-07-25,105.159477972167,123.109213445298,115.560779006508,58.0235376750588,132.484090348562,91.2409163521621
2022-08-01,107.967647994655,124.578581567423,117.819924943451,62.8882980315169,137.797668036295,92.1380567039172
2022-08-08,107.778414125706,124.635555210554,117.412909152444,64.2641967558806,137.418998874006,88.1482585854753
2022-08-15,102.876611309306,123.216765516224,111.671765157743,58.6451013133037,131.400150142984,80.2877906899018
2022-08-22,97.7609836667341,121.79806725649,106.386011975034,51.3552433544641,121.760375187077,76.624842659365
2022-08-29,92.8025869529657,118.92191908247,100.30726518661,44.6871445787548,113.747549018731,75.0721747131546
2022-09-06,88.6685521761164,115.468073316406,97.2895053551997,39.6443086483528,108.481372306073,70.06827575798
2022-09-12,83.0284267040749,112.575072684485,91.5486344215317,33.4526507846819,101.770610343559,59.8126382048863
2022-09-19,75.4449017194708,110.413249604664,83.615187002149,23.9623517671939,89.4190746258649,49.4568347153458
2022-09-26,70.6921377381909,109.854220925168,77.9715911385221,18.1766519788019,78.6222308746735,44.3631483940049
2022-10-03,68.8577563778154,109.302632739473,75.9055688772571,16.2072266459774,73.729743513744,43.5603789830087
2022-10-11,69.0372642467005,108.274286002441,76.9078734735213,16.8093220880319,74.307229957086,43.0404454385597
2022-10-17,65.4607162521735,105.023514148678,73.0939219700279,12.2791642364917,72.9775859048099,38.5912500343462
2022-10-24,62.0605723197748,102.69412065168,69.6786650028392,8.11326798547466,70.4744318413111,35.6745443525883
2022-10-31,60.7534749170038,102.413195050631,68.2398113533922,6.94212986438123,68.6561856340786,33.8360484488112
2022-11-07,65.1668119495685,105.244282716616,73.1442448540483,12.6579826680006,72.5096051393488,39.3075738811168
2022-11-14,71.4977877835612,108.435926891247,80.0361367142501,20.6737182860105,79.5393945286497,44.5903229597047
2022-11-21,78.7227347778872,110.863471182583,88.2847509800579,29.2969624229408,89.2155666027071,53.5362284065272
2022-11-28,83.7822699755852,112.208640390237,94.2487488133266,35.9777362071256,95.8038022608847,58.6724770993906
2022-12-05,86.0726934938173,113.800724523756,97.1390934831867,38.7299144859058,95.3747867352501,62.0264622697365
2022-12-12,85.7775671844772,113.696530956003,96.7442846197679,38.6191462745982,92.6060885574625,61.4543276404194
2022-12-19,84.3320583928504,113.48861487679,94.9113166059873,36.232057496163,88.749480986036,60.5142424089449
2022-12-27,84.9863443957832,112.713696024764,96.2437216863017,36.2624526308517,92.352111557223,60.9783870109225
2023-01-03,88.8774852275207,115.263445294193,101.214474739724,40.9085170497889,97.6506826045784,63.1576778514965
2023-01-09,95.2401985736445,118.0676657023,109.444012976365,48.8785977708206,106.082297890277,68.457027421304
2023-01-17,99.3476035464392,120.874800246993,114.914639890717,55.0629958373633,109.009719708281,69.0231351207901
2023-01-23,102.070477335802,121.976992021004,118.954688726432,58.9082267428782,107.935832007671,71.4469188293671
2023-01-30,101.351655225707,122.8214316687,118.288938668331,58.7173557854611,103.957325410416,68.3255929941446
2023-02-06,98.3866332184005,120.819087557472,114.966606415686,55.0512861978179,98.8862809394132,65.866928972848
2023-02-13,91.8931880346267,116.964706307646,106.775315316704,46.8210295352652,93.5102994467476,59.8658836133504
2023-02-21,86.4898637491992,114.258112905461,100.260644165815,39.9283220852695,85.2646489630848,54.8915393617048
2023-02-27,84.6332126247945,113.804434204695,98.0346341724969,37.2451330289296,82.0757775949413,53.0888882644714
2023-03-06,87.5025563028924,116.049826329105,100.528593642999,40.4730692264111,84.6968641773653,56.8633061690722
2023-03-13,91.6277594889424,117.628344635315,104.412376043956,45.1024101780195,90.7898714264562,63.503666101104
2023-03-20,95.2553434383095,119.069647432886,107.603780586663,50.685122622392,95.379829968519,66.241129488913
2023-03-27,98.446341039217,120.811014937751,111.894495181028,55.7463745812809,98.2623929020324,66.5960511186637
2023-04-03,100.740385215386,122.062218289625,115.055625737551,59.597907042209,104.759294609659,64.8842704245059
2023-04-10,99.99426898552,122.108045975926,114.617570670913,57.9249770617442,105.009241921934,63.8128419633247
2023-04-17,97.5708729402845,121.390690368491,111.756647393571,54.3634185331814,102.118223286295,59.4232166443004
2023-04-24,95.2379966819773,121.145748426252,109.022714362718,50.9016333104007,96.4156563710043,56.4051346833918
2023-05-01,95.5425663973199,122.776232587661,109.401025014929,51.8931450095751,95.1604517529295,53.369598681077
2023-05-08,94.5186137013806,124.286736936511,108.258079259731,50.7219652858562,91.4848668299535,51.9985419154947
2023-05-15,90.9502746035965,125.056404495077,103.693503349155,46.1036717598768,85.9673559259146,47.5410895896647
2023-05-22,87.8725607270214,123.158166959336,100.267768797325,41.7120242447543,79.8953567551545,46.4508083928737
2023-05-30,87.0124460712679,121.441759800214,98.8549387806346,40.8874247947127,81.2049842798888,45.6045789286889
2023-06-05,88.5195135081502,119.189185806348,100.803566038536,43.5946032542792,83.9548159184556,46.5133793512857
2023-06-12,90.0369677829629,120.30448249447,101.130393342747,46.1088078039246,85.2316886141557,48.0774063324919
2023-06-20,91.2924244968561,120.485053632571,101.378769201347,47.3761821767619,85.4042646673041,52.0155216807507
2023-06-26,91.9141416326237,120.993445581863,100.821330594981,46.8525668856151,85.3408886423991,56.4961547729055
2023-07-03,91.7234783095993,121.265323402442,101.402074663172,45.5348604299528,87.4422977863969,55.2838118156965
2023-07-10,92.3220802924095,122.398725327342,102.769320213392,45.7608235845793,89.7824301138565,53.1463260924359
2023-07-17,92.8352588348587,123.177473237464,104.469549151209,46.5072448363908,90.1002694154942,50.2380628537096
2023-07-24,92.513652441878,123.645702132002,102.917497750967,45.7404449797135,90.2126967829742,50.8548008429729
2023-07-31,90.4226885348976,122.418322646425,100.220513520641,43.1558331206565,86.2137327017383,48.2733486428733
2023-08-07,88.8904889098579,122.490859890341,98.0694514796438,40.974492988983,83.23786848764,46.4575704829136
2023-08-14,86.8468986691979,121.069666282475,96.6412573977546,38.2452214645474,79.3778235144776,42.5169800642183
2023-08-21,85.127144082511,120.899446658597,95.0749819672275,35.6493074443873,75.8634946952519,40.0969871444416
2023-08-28,83.6904267578117,120.132315581468,92.9657030675749,34.2934945970711,74.1178243326867,37.5083745430363
2023-09-05,83.1428948391768,119.684887307879,91.885945289416,33.8017058247658,71.0550818937022,37.5782644008562
2023-09-11,81.8393185378813,119.26275848088,90.2056370912944,31.7486723928426,70.3563320823505,36.2307330510207
2023-09-18,77.0432091448646,117.986649107407,84.7640299842723,23.9612206434521,64.6311248332845,32.9687589666847
2023-09-25,71.2189926264967,115.563581206153,78.3892568648414,15.6455993837409,58.2426932929231,26.5328426179263
2023-10-02,67.3403631276875,114.287799708054,73.3670669002515,10.543919080188,51.3182700599125,23.1664863643544
2023-10-10,65.5363687150765,114.138680010003,71.1222909011871,8.63781248784045,47.4695184653781,20.0872828689087
2023-10-16,63.6647944255434,113.61576817818,69.0325689939841,6.59231291519777,42.9035940472628,17.1240195406985
2023-10-23,61.0845243743108,112.400828230974,67.1516471124582,2.33894278247874,40.9117761525549,13.771882622336
2023-10-30,63.2498769161518,112.574682412382,70.2457784573896,5.20979956965647,41.6450039228742,16.5229707853376
2023-11-06,68.900944975036,114.637609930551,77.4031699540946,12.1349880282915,49.0417231397992,24.0666757967378
2023-11-13,76.0441611787975,116.605156708662,85.3544909641942,22.5333581926234,54.9856432200763,34.0130463465364
2023-11-20,81.392926456141,118.310318461858,92.1252397087713,30.4714913656379,61.8476289878623,38.6253409377456
2023-11-27,87.1962698812199,119.945038990407,98.9782926588926,39.1252619119106,68.134753313551,44.1696485414525
2023-12-04,91.8751219166122,121.813948093751,104.870637471556,46.0228085054309,75.3905963318931,46.3515925312604
2023-12-11,96.3886517319991,123.341801630495,109.479286566295,52.2506555695415,83.5717319436723,51.2179365806681
2023-12-18,100.459260186192,125.154521057013,113.352074714516,57.9206285242037,90.6062398929903,55.8888246568739
2023-12-26,103.506182968976,127.163881950836,116.611903964837,61.4207561345292,96.3811222164188,59.0718781173875
2024-01-02,105.081341464052,127.463438260722,118.232550795709,63.1218060523039,97.9386351324557,61.5571233509572
2024-01-08,104.002233727385,128.062514739268,116.958846563234,61.0789739625129,95.2715917113131,60.1794284239656
2024-01-16,102.595114301825,126.994871000828,115.330085641127,59.1203151877296,92.5787737635745,58.7009206032843
2024-01-22,102.161216811107,127.610031948346,115.18988725565,58.3059082249364,90.2511543151645,57.5392337934148
2024-01-29,102.672980711084,127.605608377078,115.904305117693,58.5418048016752,90.4816164476813,58.1032246072844
2024-02-05,103.985244457057,129.13089306513,117.361558678253,59.5453867472434,90.9957988811089,59.4768779734581
2024-02-12,104.204155268002,128.851739164571,118.464612379913,59.2321506165285,91.8537070916902,58.7020252324206
2024-02-20,104.844426768369,130.048255296492,119.688822585692,59.5186713303636,92.7277788320637,57.9952363695696
2024-02-26,105.353371732466,130.10608031785,120.411065985292,59.8282681065795,93.725437886073,58.1120570066435
2024-03-04,105.60278376287,130.603716191319,119.647046720265,59.8489355068124,94.0726929760499,58.6706489048782
2024-03-11,104.825256605288,129.213613444421,118.687820223544,58.8830271159246,90.8017627843008,57.1185293521204
2024-03-18,103.513858415429,129.846281217309,117.550617031704,56.5449131957089,86.8830138811155,54.783718583283
2024-03-25,101.355919940504,129.786189854328,115.996309681499,52.5266826572751,82.4645054248142,52.1557673063482
2024-04-01,99.3105989667602,130.256039542319,113.710242282099,48.8580379824106,79.1708616050635,51.0453378495073
2024-04-08,97.259291935547,129.405445309366,110.766300826939,46.5113954277642,74.8974996535204,48.3863699437832
2024-04-15,96.2329927821036,129.949812604269,108.81334895682,45.3880003589485,69.6460297310586,47.8194927040672
2024-04-22,95.2910538716862,129.907366342179,108.369466247146,43.6810330664401,65.0955123547375,46.0578234511592
2024-04-29,96.3918499173495,130.67513868625,110.128920854641,44.0989591480115,64.8589674464899,47.6937924136874
2024-05-06,97.5114470913976,130.820975141167,112.145148598211,44.8418586377043,65.7701524323076,48.3673005344712
2024-05-13,97.0069759264305,131.077357275907,110.822102796669,44.2143301656946,65.2806168962715,47.8333788345391
2024-05-20,93.095050088449,127.368092596925,106.37942150784,39.2580778378891,59.2176340903971,43.3247440775629
2024-05-28,90.7793465462858,125.055497965674,103.443688611988,36.4091035846668,54.339874204454,40.7052269252823
2024-06-03,91.1103956306541,124.205608165479,104.53243333164,36.0182198104505,55.1293685627929,40.650581347915
2024-06-10,94.2807553827265,127.199251589383,107.235749978645,39.4663918160668,59.9946040024313,44.5248436563787
2024-06-17,95.6948696440533,129.864397924019,107.997207219651,40.3992022497077,64.1228345592423,45.7812197456017
2024-06-24,96.2594880785423,131.204763376933,108.508303849212,40.2879927508916,67.3447238964967,45.951625200741
2024-07-01,96.5587458047112,132.141094887127,109.324647143459,39.1094180178142,69.8520361489577,46.9870479250807
2024-07-08,97.8834520842995,131.445658778042,112.035394455378,39.732371503587,73.1248116231825,48.5972911314266
2024-07-15,99.384288999899,130.886621514617,113.111917893854,41.7838160502113,73.4310777887617,50.8290445846223
2024-07-22,101.038502353229,131.109338408196,114.635541818307,44.2556156763161,76.314765786121,51.9948828972014
2024-07-29,102.665759731284,131.559541321472,116.677018173794,46.8947510366325,77.9703612179679,51.7501472765419
2024-08-05,104.596264805237,132.75050525186,119.571727207105,48.8705284911509,80.6793920360048,54.6322848893794
2024-08-12,106.502487849439,132.970770412476,122.360154960743,51.9369036058087,80.8042240289938,55.759189048504
2024-08-19,107.51399689417,132.362573060203,123.65362168104,53.4745154970626,84.8537575803358,57.1441344270281
2024-08-26,108.989975525932,132.168891733081,125.069529990641,56.6204659625138,92.6163338180077,56.1050117534508
2024-09-03,110.839388800189,133.03578715143,127.253918695842,59.2456685790009,95.261677893338,57.5509733174647
2024-09-09,113.421819234073,135.303006070837,129.546295113859,62.0806357295847,96.8896098137225,62.5483237320677
2024-09-16,114.434308104836,135.768548356373,131.337771239875,63.1690688905439,94.8719029185937,61.8804743823884
2024-09-23,115.335185557787,136.513532221446,132.476740293805,64.0466031643709,97.497240564286,61.5077656542829
2024-09-30,114.105899681603,135.834174057126,131.62956260633,62.7719299764956,95.3887107816371,57.2840700711029
2024-10-07,113.345706277098,136.443245809169,130.255518443622,61.606710754304,92.704909556052,57.7028742636991
2024-10-15,109.703894240088,135.106065108643,125.961746718847,57.038706033654,86.5652681488993,53.7723980520561
2024-10-21,107.076209813887,134.453446573805,122.423904532306,53.4793926831368,85.5204149945439,50.5452593434224
2024-10-28,104.576257573765,133.071662314112,119.329355835319,50.0469772790042,86.8568951742951,47.1930681196155
2024-11-04,104.088858191563,132.256445812364,119.305513462455,49.3142866334147,86.0998275991009,47.3109056213027
2024-11-12,104.71200940944,132.73765244534,119.781140046297,50.2774075461026,87.1403732538121,49.2102875007914
2024-11-18,106.830999301023,132.66839816113,121.536210093411,53.0924873276712,86.2706110807062,55.1473283416989
2024-11-25,109.482152784484,131.797199260775,124.14758436736,57.2189627621682,91.155767958211,58.1397668325397
2024-12-02,110.85785496662,131.166925375779,126.084731065062,60.2119921662882,92.3663362237499,58.1186110848849
2024-12-09,108.63718551654,130.854404239838,123.559064718309,57.8207895922113,89.2443609585115,55.2083290324135
2024-12-16,104.601678341112,132.582206917633,118.303537142583,51.7729936606076,83.3406309139139,51.5764286073793
2024-12-23,102.49973313337,131.557790276206,115.366548504311,47.3980126886437,79.816514796294,52.2004023884971
2025-01-02,100.190993581408,130.870044210801,113.872843726798,41.177266915606,78.2504063025624,50.8546215690398
2025-01-08,99.3764346900099,128.914671352404,114.304231449855,35.7505965138525,81.7382740837421,52.9903634823701
2025-01-15,97.9408906429225,129.700308092466,114.512684642706,29.8271727610981,83.1660833241273,52.7149243861957
2025-01-22,100.668499241457,130.771815940756,117.158169183125,32.8183469486709,88.9744757467912,54.9043016526405
2025-01-29,103.984154170808,132.866567690762,120.362511343849,38.147672152161,93.5061135230105,56.5951170029525
2025-02-05,106.225839068275,135.113180212328,121.318277031222,42.4193248053126,95.7945329728176,58.801510939557
2025-02-12,107.092244385447,135.772584473253,122.79581610041,44.2049813000319,96.422557267608,58.9434953072202
2025-02-19,107.939032360679,135.477649655532,123.860192865931,47.1827644569089,95.6577276914529,56.8868258949826
2025-02-26,108.602318227158,134.170854710976,125.00287969178,49.7809215095198,96.2973626829911,54.5120839444896
2025-03-05,106.812113437924,133.934943572119,123.072648117931,48.5087552500572,90.528733324023,51.0462483392312
2025-03-12,103.814562479442,133.026946599813,120.201781177566,44.2536242984024,81.8597373579966,49.3209693191545
2025-03-19,100.165334397599,130.740146967536,117.222538521069,39.4406394120672,73.2368145534033,44.065200774737
2025-03-26,97.4548397542874,129.50434946015,114.603467605705,34.4475092583443,68.2581162056004,44.0023658155671
2025-04-02,90.4759716517766,124.949982701554,106.825115493945,24.982919009726,59.8035423809537,37.5051904203313
2025-04-09,86.7029917334537,125.270834283619,101.584784511246,19.7189987176914,55.8790481271371,35.9926598440747
2025-04-16,84.5567448455749,124.129513421274,99.3338294992436,18.3358097284346,52.5889068740417,28.0837511611273
2025-04-23,88.2837394078499,127.659075485329,103.568865697671,22.8997352590237,59.9884827230548,31.2506486879497
2025-04-30,90.6399573802839,127.179777310403,107.510755846396,25.1520649952144,61.7603260839057,33.2923495785403
2025-05-07,93.413776272341,128.832429496175,110.182453521931,28.619534771132,64.5580887191711,38.8054991001752
2025-05-14,94.3658968766938,130.463833755789,111.084348828069,30.8070982720731,62.8749702830696,38.4633417649325
2025-05-21,95.1500083838714,130.791920061282,111.339104523795,32.6089451857641,65.2994530499806,38.7915300106952
2025-05-28,95.7732567925992,137.954718237435,111.845501286845,31.615128494172,70.5936587847732,40.8965299838667
2025-06-04,96.5353139549293,138.012537247651,112.665860364763,31.6796269255403,72.7150783141594,44.0823830449777
2025-06-11,96.9286786920177,137.530548494081,113.471054260297,32.172735891376,73.1877898094019,47.4873904955403
2025-06-18,97.3028282923049,128.36765098651,114.301076550348,34.8733904003459,69.6536858942886,49.6646756110536
2025-06-25,98.5659788563544,127.348606364132,116.070615943837,37.0209324581911,71.2060682598579,52.2960215223578
2025-07-02,99.8714470676896,127.936777176532,117.511973787546,37.9772782237379,72.4081046362755,55.3107395988862
2025-07-09,99.8432503713822,128.445877365889,118.570128651563,36.4320012291178,73.898665846719,55.917265015255
2025-07-16,98.7688755771381,127.961694556727,118.206531330669,33.9789536888229,72.1136071906476,55.4052217467728
2025-07-23,99.0353269490613,128.680526260013,118.152297833347,34.8710622698891,73.1158140347042,53.9544087183531
2025-07-30,100.96468212817,129.593369849811,119.532347579159,37.1584410656416,75.8373224801512,62.3023748095884
2025-08-06,102.900291209913,130.220512520095,121.239271245046,40.4566936292978,79.6175497178149,64.7021447853171
2025-08-13,103.836825066789,130.31285427699,123.652717260854,42.1123924372714,79.2195211194272,65.5366923503353
2025-08-20,103.72661469628,130.55051857722,123.903176174771,43.7556534589013,80.6416072460741,59.0303968671881
2025-08-27,104.571867032452,130.776236043821,125.221562808542,46.3251480338533,80.7416619389907,59.548985952597
2025-09-03,107.631212944922,132.088100162895,128.238275414135,52.2458509481837,83.8839784779662,62.0008457755975
2025-09-10,111.203705115288,133.448071784335,132.267033160355,58.3728323957375,88.8388987683165,64.3381030323257
2025-09-17,112.86935796875,133.651654944282,134.650413576625,61.9051942016935,85.1394720282079,65.7201323412895
2025-09-24,112.677599304493,133.762999013117,134.734472213281,61.6270470840184,80.7881936154644,68.6941051037641
2025-10-01,112.416743461183,133.800337997718,135.537321184606,62.1323577584477,74.8510915239569,66.9810439754114
2025-10-08,113.696351670352,134.733542871794,137.034016117682,65.1091590293402,77.4214844361768,64.8061838021118
2025-10-15,114.365983301031,134.929020287535,137.575607633354,67.8674447049405,79.5243855262439,60.164327781088
2025-10-22,115.136128061531,134.883808915785,139.20450741754,69.4684665641923,78.876829572359,58.8626816551933
2025-10-29,115.355737987578,134.550507269779,139.542449625882,70.0631919351944,78.3188418680578,59.1002972745101
2025-11-05,115.177299259048,134.246993224911,140.219168056512,69.6316138523508,77.0883652919335,57.7186136005195
2025-11-12,114.275052738135,134.954702096689,139.037192583033,67.7141909615342,80.1856197231321,56.6644818105854
2025-11-19,113.853378439791,135.630349149209,139.117836475249,66.0842569681969,83.856857006065,55.4775770541877
